-- phpMyAdmin SQL Dump
-- version 5.0.1
-- https://www.phpmyadmin.net/
--
-- Host: 127.0.0.1
-- Generation Time: Feb 08, 2021 at 06:42 AM
-- Server version: 10.4.11-MariaDB
-- PHP Version: 7.4.3

SET SQL_MODE = "NO_AUTO_VALUE_ON_ZERO";
SET AUTOCOMMIT = 0;
START TRANSACTION;
SET time_zone = "+00:00";


/*!40101 SET @OLD_CHARACTER_SET_CLIENT=@@CHARACTER_SET_CLIENT */;
/*!40101 SET @OLD_CHARACTER_SET_RESULTS=@@CHARACTER_SET_RESULTS */;
/*!40101 SET @OLD_COLLATION_CONNECTION=@@COLLATION_CONNECTION */;
/*!40101 SET NAMES utf8mb4 */;

--
-- Database: `approval_system`
--

-- --------------------------------------------------------

--
-- Table structure for table `action_planners`
--

CREATE TABLE `action_planners` (
  `id` int(11) NOT NULL,
  `service_category_id` int(11) NOT NULL COMMENT 'FK = service_category.id',
  `employee_id` int(11) NOT NULL COMMENT 'FK = edu_providers.id',
  `contact_person_status` tinyint(4) NOT NULL COMMENT '1=Active, 0=InActive',
  `created_at` timestamp NULL DEFAULT NULL,
  `created_by` int(11) NOT NULL,
  `updated_at` timestamp NULL DEFAULT NULL,
  `updated_by` int(11) NOT NULL,
  `deleted_at` timestamp NULL DEFAULT NULL,
  `deleted_by` int(11) NOT NULL,
  `project_id` int(11) NOT NULL,
  `valid` tinyint(1) NOT NULL
) ENGINE=InnoDB DEFAULT CHARSET=utf8mb4;

--
-- Dumping data for table `action_planners`
--

INSERT INTO `action_planners` (`id`, `service_category_id`, `employee_id`, `contact_person_status`, `created_at`, `created_by`, `updated_at`, `updated_by`, `deleted_at`, `deleted_by`, `project_id`, `valid`) VALUES
(1, 13, 1, 1, '2021-02-07 00:43:41', 1, '2021-02-07 04:07:51', 1, NULL, 0, 1, 1),
(2, 13, 4, 0, '2021-02-07 00:43:41', 1, '2021-02-07 00:44:05', 1, '2021-02-07 00:44:05', 1, 1, 0),
(3, 13, 17, 0, '2021-02-07 00:44:05', 1, '2021-02-07 04:07:51', 1, NULL, 0, 1, 1),
(4, 13, 4, 0, '2021-02-07 00:51:37', 1, '2021-02-07 03:44:46', 1, NULL, 0, 1, 1),
(5, 2, 1, 1, '2021-02-07 03:37:49', 1, '2021-02-07 03:44:19', 1, NULL, 0, 1, 1),
(6, 2, 17, 0, '2021-02-07 03:37:49', 1, '2021-02-07 03:44:19', 1, NULL, 0, 1, 1),
(7, 1, 1, 1, '2021-02-07 03:47:46', 1, '2021-02-07 03:57:40', 1, NULL, 0, 1, 1),
(8, 1, 17, 0, '2021-02-07 03:47:46', 1, '2021-02-07 03:57:40', 1, NULL, 0, 1, 1);

-- --------------------------------------------------------

--
-- Table structure for table `admins`
--

CREATE TABLE `admins` (
  `id` int(11) NOT NULL,
  `name` varchar(50) NOT NULL,
  `email` varchar(99) NOT NULL,
  `username` varchar(33) NOT NULL,
  `password` varchar(66) NOT NULL,
  `remember_token` varchar(100) NOT NULL,
  `status` varchar(10) NOT NULL,
  `created_at` timestamp NULL DEFAULT NULL,
  `created_by` int(11) NOT NULL,
  `updated_at` timestamp NULL DEFAULT NULL,
  `updated_by` int(11) NOT NULL,
  `deleted_at` timestamp NULL DEFAULT NULL,
  `deleted_by` int(11) NOT NULL,
  `valid` tinyint(1) NOT NULL
) ENGINE=InnoDB DEFAULT CHARSET=latin1;

--
-- Dumping data for table `admins`
--

INSERT INTO `admins` (`id`, `name`, `email`, `username`, `password`, `remember_token`, `status`, `created_at`, `created_by`, `updated_at`, `updated_by`, `deleted_at`, `deleted_by`, `valid`) VALUES
(1, 'Administrator', 'admin@bizferry.com', 'admin', '$2y$10$x/ImfXYb.qOFZ1pvn9XZTuPsaN7F2xMlYhK34bhNyy6t5/TIjNCCe', 'oRdtlu5TG8kGH419mUaaJ79IITNSf1FQNUX8CgTqlSRzOsW6d1IyUtz2djzI', 'Active', '2016-05-27 18:58:58', 0, '2019-12-05 10:03:29', 1, NULL, 0, 1),
(9, 'Md. Abdus Samad', 'samadbau77@gmail.com', 'samad', '$2y$10$EsSBj/43y3/vJVLkyfwPku6HVXZ2orZ/CGruDKsEdU8Qjo4SuP.Jm', '', 'Active', '2016-05-27 18:58:58', 1, '2016-05-27 19:02:05', 1, '2016-05-27 19:02:04', 1, 0),
(10, 'Md. Abdus Samad', 'samadbau77@yahoo.com', 'mdsamad', '$2y$10$0P8ID3wxkTYFCuU0FR5NCenWV96aH1BzrIgDHGnywkBAu86BC4542', 'UljMIBj1UUcJYGVMNxC9WINC31b6o4ezgmy04ctJ6TY3s5fcAQtzdod2jZ03', 'Active', '2016-05-27 19:07:59', 1, '2016-06-05 23:36:47', 1, NULL, 0, 1),
(11, 'Jhon', 'jhon@gmail.com', 'jhon2', '$2y$10$YMe62Aa0Ckj4iSjS8qxCO.92GBzDSCVPrhGSXAvtWd/jwLNbgQNti', '', 'Active', '2020-04-26 05:30:05', 1, '2020-04-26 05:30:46', 1, '2020-04-26 05:30:46', 1, 0);

-- --------------------------------------------------------

--
-- Stand-in structure for view `admin_access`
-- (See below for the actual view)
--
CREATE TABLE `admin_access` (
`id` int(11)
,`link_id` int(11)
,`menu_id` int(11)
,`admin_id` int(11)
,`route` varchar(70)
,`resource` tinyint(4)
,`type` int(1)
,`menu_name` varchar(50)
,`link_name` varchar(50)
,`updated_at` timestamp
);

-- --------------------------------------------------------

--
-- Table structure for table `admin_internal_link`
--

CREATE TABLE `admin_internal_link` (
  `id` int(11) NOT NULL,
  `link_name` varchar(50) COLLATE utf8_unicode_ci NOT NULL,
  `route` varchar(50) COLLATE utf8_unicode_ci NOT NULL,
  `menu_id` int(11) NOT NULL COMMENT 'Foreign key: admin_menu.id',
  `resource` tinyint(1) NOT NULL COMMENT '1=Yes, 0=No',
  `status` tinyint(1) NOT NULL COMMENT '1=Active, 0=Inactive',
  `created_at` timestamp NULL DEFAULT NULL,
  `created_by` int(11) NOT NULL,
  `updated_at` timestamp NULL DEFAULT NULL,
  `updated_by` int(11) NOT NULL,
  `deleted_at` timestamp NULL DEFAULT NULL,
  `deleted_by` int(11) NOT NULL,
  `valid` tinyint(1) NOT NULL
) ENGINE=InnoDB DEFAULT CHARSET=utf8 COLLATE=utf8_unicode_ci;

--
-- Dumping data for table `admin_internal_link`
--

INSERT INTO `admin_internal_link` (`id`, `link_name`, `route`, `menu_id`, `resource`, `status`, `created_at`, `created_by`, `updated_at`, `updated_by`, `deleted_at`, `deleted_by`, `valid`) VALUES
(1, 'Add', 'providerDesignation.create', 18, 1, 1, '2016-06-08 18:09:44', 1, '2017-06-06 01:29:38', 1, NULL, 0, 1),
(2, 'Edit', 'providerDesignation.edit', 18, 1, 1, '2016-06-08 18:09:44', 1, '2017-06-06 01:29:30', 1, NULL, 0, 1),
(3, 'Delete', 'providerDesignation.destroy', 18, 1, 1, '2016-06-08 18:09:44', 1, '2017-06-06 01:29:24', 1, NULL, 0, 1),
(4, '#', 'dashboard', 1, 0, 1, '2016-06-08 19:57:16', 1, '2016-06-08 20:57:41', 1, '2016-06-08 20:57:41', 1, 0),
(5, 'Add', 'adminInternalLink.create', 5, 1, 1, '2016-06-08 20:09:20', 1, '2016-06-08 20:09:20', 1, NULL, 0, 1),
(6, 'Edit', 'adminInternalLink.edit', 5, 1, 1, '2016-06-08 20:09:20', 1, '2016-06-08 20:09:20', 1, NULL, 0, 1),
(7, 'Delete', 'adminInternalLink.destroy', 5, 1, 1, '2016-06-08 20:09:20', 1, '2016-06-08 20:09:20', 1, NULL, 0, 1),
(8, 'Add', 'adminMenu.create', 6, 1, 1, '2016-06-08 20:10:14', 1, '2016-06-08 20:10:14', 1, NULL, 0, 1),
(9, 'Edit', 'adminMenu.edit', 6, 1, 1, '2016-06-08 20:10:14', 1, '2016-06-08 20:10:14', 1, NULL, 0, 1),
(10, 'Delete', 'adminMenu.destroy', 6, 1, 1, '2016-06-08 20:10:14', 1, '2016-06-08 20:10:14', 1, NULL, 0, 1),
(11, 'Add', 'softwareModule.create', 11, 1, 1, '2016-06-08 20:43:24', 1, '2016-06-08 20:43:24', 1, NULL, 0, 1),
(12, 'Edit', 'softwareModule.edit', 11, 1, 1, '2016-06-08 20:43:24', 1, '2016-06-08 20:43:24', 1, NULL, 0, 1),
(13, 'Delete', 'softwareModule.destroy', 11, 1, 1, '2016-06-08 20:43:24', 1, '2016-06-08 20:43:24', 1, NULL, 0, 1),
(14, 'Add', 'adminMenu.create', 12, 1, 1, '2016-06-08 20:44:38', 1, '2016-06-08 20:46:14', 1, '2016-06-08 20:46:14', 1, 0),
(15, 'Edit', 'adminMenu.edit', 12, 1, 1, '2016-06-08 20:44:38', 1, '2016-06-08 20:46:09', 1, '2016-06-08 20:46:09', 1, 0),
(16, 'Delete', 'adminMenu.destroy', 12, 1, 1, '2016-06-08 20:44:38', 1, '2016-06-08 20:46:02', 1, '2016-06-08 20:46:02', 1, 0),
(17, 'Add', 'softwareMenu.create', 12, 1, 1, '2016-06-08 20:47:05', 1, '2016-06-08 20:47:05', 1, NULL, 0, 1),
(18, 'Edit', 'softwareMenu.edit', 12, 1, 1, '2016-06-08 20:47:05', 1, '2016-06-08 20:47:05', 1, NULL, 0, 1),
(19, 'Delete', 'softwareMenu.destroy', 12, 1, 1, '2016-06-08 20:47:05', 1, '2016-06-08 20:47:05', 1, NULL, 0, 1),
(20, 'Add', 'softwareInternalLink.create', 14, 1, 1, '2016-06-08 20:50:14', 1, '2016-06-08 20:50:14', 1, NULL, 0, 1),
(21, 'Edit', 'softwareInternalLink.edit', 14, 1, 1, '2016-06-08 20:50:14', 1, '2016-06-08 20:50:14', 1, NULL, 0, 1),
(22, 'Delete', 'softwareInternalLink.destroy', 14, 1, 1, '2016-06-08 20:50:14', 1, '2016-06-08 20:50:14', 1, NULL, 0, 1),
(23, 'Add', 'projectRegistration.create', 15, 1, 1, '2016-06-08 20:52:06', 1, '2016-06-08 20:52:06', 1, NULL, 0, 1),
(24, 'Edit', 'projectRegistration.edit', 15, 1, 1, '2016-06-08 20:52:06', 1, '2016-06-08 20:52:06', 1, NULL, 0, 1),
(25, 'Delete', 'projectRegistration.destroy', 15, 1, 1, '2016-06-08 20:52:06', 1, '2016-06-08 20:52:06', 1, NULL, 0, 1),
(26, 'Add', 'admin.create', 8, 1, 1, '2016-06-08 20:52:45', 1, '2016-06-08 20:52:45', 1, NULL, 0, 1),
(27, 'Edit', 'admin.edit', 8, 1, 1, '2016-06-08 20:52:45', 1, '2016-06-08 20:52:45', 1, NULL, 0, 1),
(28, 'Delete', 'admin.destroy', 8, 1, 1, '2016-06-08 20:52:45', 1, '2016-06-08 20:52:45', 1, NULL, 0, 1),
(29, 'Add', 'user.create', 16, 1, 1, '2016-06-10 17:03:34', 1, '2016-06-10 17:03:34', 1, NULL, 0, 1),
(30, 'Edit', 'user.edit', 16, 1, 1, '2016-06-10 17:03:34', 1, '2016-06-10 17:03:34', 1, NULL, 0, 1),
(31, 'Delete', 'user.destroy', 16, 1, 1, '2016-06-10 17:03:34', 1, '2016-06-10 17:03:34', 1, NULL, 0, 1),
(32, 'Access', 'userAccess', 16, 0, 1, '2016-06-10 17:05:39', 1, '2016-06-10 17:05:39', 1, NULL, 0, 1),
(33, 'Access', 'adminAccess', 8, 0, 1, '2016-06-10 17:08:54', 1, '2016-06-10 17:08:54', 1, NULL, 0, 1),
(34, 'Access', 'projectAccess', 15, 0, 1, '2016-06-11 20:32:02', 1, '2016-06-11 20:32:02', 1, NULL, 0, 1),
(35, 'Add', 'crmPackage.create', 21, 1, 1, '2016-08-09 21:40:45', 1, '2017-06-08 00:57:20', 1, '2017-06-08 00:57:20', 1, 0),
(36, 'Edit', 'crmPackage.edit', 21, 1, 1, '2016-08-09 21:40:45', 1, '2017-06-08 00:57:16', 1, '2017-06-08 00:57:16', 1, 0),
(37, 'Delete', 'crmPackage.destroy', 21, 1, 1, '2016-08-09 21:40:45', 1, '2017-06-08 00:57:13', 1, '2017-06-08 00:57:13', 1, 0),
(38, 'Show', 'crmPackage.show', 21, 1, 1, '2016-08-09 21:40:45', 1, '2017-06-08 00:57:08', 1, '2017-06-08 00:57:08', 1, 0),
(39, 'Add', 'area.create', 22, 1, 1, '2016-08-20 20:13:01', 1, '2016-08-20 20:29:50', 1, '2016-08-20 20:29:50', 1, 0),
(40, 'Edit', 'area.edit', 22, 1, 1, '2016-08-20 20:13:01', 1, '2016-08-20 20:29:57', 1, '2016-08-20 20:29:57', 1, 0),
(41, 'Delete', 'area.destroy', 22, 1, 1, '2016-08-20 20:13:01', 1, '2016-08-20 20:30:01', 1, '2016-08-20 20:30:01', 1, 0),
(42, 'Show', 'area.show', 22, 1, 1, '2016-08-20 20:13:01', 1, '2016-08-20 20:30:06', 1, '2016-08-20 20:30:06', 1, 0),
(43, 'Add', 'jobArea.create', 23, 1, 1, '2016-08-21 00:43:33', 1, '2016-08-21 00:43:33', 1, NULL, 0, 1),
(44, 'Edit', 'jobArea.edit', 23, 1, 1, '2016-08-21 00:43:33', 1, '2016-08-21 00:43:33', 1, NULL, 0, 1),
(45, 'Delete', 'jobArea.destroy', 23, 1, 1, '2016-08-21 00:43:33', 1, '2016-08-21 00:43:33', 1, NULL, 0, 1),
(46, 'myReport/leadInfo', 'myReport.leadInfo', 24, 0, 1, '2016-10-08 03:16:09', 1, '2016-10-08 03:18:41', 1, '2016-10-08 03:18:41', 1, 0),
(47, 'Add', 'crmPaymentReminder', 25, 0, 1, '2017-01-14 21:33:13', 1, '2017-01-14 21:47:04', 1, '2017-01-14 21:47:04', 1, 0),
(48, 'userLogin', 'userLogin', 16, 0, 1, '2017-01-14 22:55:52', 1, '2017-01-14 22:55:52', 1, NULL, 0, 1),
(49, 'Show', 'user.show', 16, 1, 1, '2017-02-06 16:43:07', 1, '2017-02-06 17:21:17', 1, NULL, 0, 1),
(50, 'Active Projec tList', 'activeProjectList', 1, 0, 1, '2017-04-24 17:16:31', 1, '2017-04-24 17:16:31', 1, NULL, 0, 1),
(51, 'Add', 'instructorBiography.create', 34, 1, 1, '2017-09-26 11:23:34', 1, '2017-09-26 11:24:23', 1, '2017-09-26 11:24:23', 1, 0),
(52, 'Edit', 'instructorBiography.edit', 34, 1, 1, '2017-09-26 11:23:34', 1, '2017-09-26 11:24:20', 1, '2017-09-26 11:24:20', 1, 0),
(53, 'Delete', 'instructorBiography.destroy', 34, 1, 1, '2017-09-26 11:23:34', 1, '2017-09-26 11:24:16', 1, '2017-09-26 11:24:16', 1, 0),
(54, 'Show', 'instructorBiography.show', 34, 1, 1, '2017-09-26 11:23:35', 1, '2017-09-26 11:24:13', 1, '2017-09-26 11:24:13', 1, 0),
(55, 'Add', 'stepCorCourseAgreement.create', 35, 1, 1, '2019-02-11 05:46:37', 1, '2019-02-11 05:47:32', 1, '2019-02-11 05:47:32', 1, 0),
(56, 'Edit', 'stepCorCourseAgreement.edit', 35, 1, 1, '2019-02-11 05:46:37', 1, '2019-02-11 05:47:37', 1, '2019-02-11 05:47:37', 1, 0),
(57, 'Delete', 'stepCorCourseAgreement.destroy', 35, 1, 1, '2019-02-11 05:46:37', 1, '2019-02-11 05:47:43', 1, '2019-02-11 05:47:43', 1, 0),
(58, 'Show', 'stepCorCourseAgreement.show', 35, 1, 1, '2019-02-11 05:46:37', 1, '2019-02-11 05:47:48', 1, '2019-02-11 05:47:48', 1, 0),
(59, 'add', 'exam.create', 36, 1, 1, '2019-12-01 09:34:28', 1, '2019-12-01 09:35:11', 1, '2019-12-01 09:35:11', 1, 0),
(60, 'edit', 'exam.edit', 36, 1, 1, '2019-12-01 09:34:28', 1, '2019-12-01 09:35:08', 1, '2019-12-01 09:35:08', 1, 0),
(61, 'delete', 'exam.destroy', 36, 1, 1, '2019-12-01 09:34:28', 1, '2019-12-01 09:35:05', 1, '2019-12-01 09:35:05', 1, 0),
(62, 'show', 'exam.show', 36, 1, 1, '2019-12-01 09:34:28', 1, '2019-12-01 09:35:01', 1, '2019-12-01 09:35:01', 1, 0),
(63, 'about', 'about', 8, 0, 1, '2020-04-26 06:00:45', 1, '2020-04-26 06:01:17', 1, '2020-04-26 06:01:17', 1, 0);

-- --------------------------------------------------------

--
-- Table structure for table `admin_internal_link_access`
--

CREATE TABLE `admin_internal_link_access` (
  `id` int(11) NOT NULL,
  `link_id` int(11) NOT NULL COMMENT 'Foreign key: admin_internal_link.id',
  `admin_id` int(11) NOT NULL COMMENT 'Foreign key: admin.id',
  `created_at` timestamp NULL DEFAULT NULL,
  `created_by` int(11) NOT NULL,
  `updated_at` timestamp NULL DEFAULT NULL,
  `updated_by` int(11) NOT NULL,
  `deleted_at` timestamp NULL DEFAULT NULL,
  `deleted_by` int(11) NOT NULL,
  `valid` tinyint(1) NOT NULL
) ENGINE=InnoDB DEFAULT CHARSET=latin1;

--
-- Dumping data for table `admin_internal_link_access`
--

INSERT INTO `admin_internal_link_access` (`id`, `link_id`, `admin_id`, `created_at`, `created_by`, `updated_at`, `updated_by`, `deleted_at`, `deleted_by`, `valid`) VALUES
(1, 5, 1, '2016-06-10 17:55:20', 1, '2016-06-11 20:35:15', 1, '2016-06-11 20:35:15', 1, 0),
(2, 6, 1, '2016-06-10 17:55:20', 1, '2016-06-11 20:35:15', 1, '2016-06-11 20:35:15', 1, 0),
(3, 7, 1, '2016-06-10 17:55:20', 1, '2016-06-11 20:35:15', 1, '2016-06-11 20:35:15', 1, 0),
(4, 8, 1, '2016-06-10 17:55:20', 1, '2016-06-11 20:35:15', 1, '2016-06-11 20:35:15', 1, 0),
(5, 9, 1, '2016-06-10 17:55:20', 1, '2016-06-11 20:35:15', 1, '2016-06-11 20:35:15', 1, 0),
(6, 10, 1, '2016-06-10 17:55:20', 1, '2016-06-11 20:35:15', 1, '2016-06-11 20:35:15', 1, 0),
(7, 11, 1, '2016-06-10 17:55:20', 1, '2016-06-11 20:35:15', 1, '2016-06-11 20:35:15', 1, 0),
(8, 12, 1, '2016-06-10 17:55:20', 1, '2016-06-11 20:35:15', 1, '2016-06-11 20:35:15', 1, 0),
(9, 13, 1, '2016-06-10 17:55:20', 1, '2016-06-11 20:35:15', 1, '2016-06-11 20:35:15', 1, 0),
(10, 17, 1, '2016-06-10 17:55:20', 1, '2016-06-11 20:35:15', 1, '2016-06-11 20:35:15', 1, 0),
(11, 18, 1, '2016-06-10 17:55:20', 1, '2016-06-11 20:35:15', 1, '2016-06-11 20:35:15', 1, 0),
(12, 19, 1, '2016-06-10 17:55:20', 1, '2016-06-11 20:35:15', 1, '2016-06-11 20:35:15', 1, 0),
(13, 20, 1, '2016-06-10 17:55:20', 1, '2016-06-11 20:35:15', 1, '2016-06-11 20:35:15', 1, 0),
(14, 21, 1, '2016-06-10 17:55:20', 1, '2016-06-11 20:35:15', 1, '2016-06-11 20:35:15', 1, 0),
(15, 22, 1, '2016-06-10 17:55:20', 1, '2016-06-11 20:35:15', 1, '2016-06-11 20:35:15', 1, 0),
(16, 26, 1, '2016-06-10 17:55:20', 1, '2016-06-19 18:19:09', 1, '2016-06-19 18:19:09', 1, 0),
(17, 27, 1, '2016-06-10 17:55:20', 1, '2016-06-19 17:23:32', 1, '2016-06-19 17:23:32', 1, 0),
(18, 28, 1, '2016-06-10 17:55:20', 1, '2016-06-19 17:23:32', 1, '2016-06-19 17:23:32', 1, 0),
(19, 33, 1, '2016-06-10 17:55:20', 1, '2016-06-19 19:40:13', 1, NULL, 0, 1),
(20, 23, 1, '2016-06-10 17:55:20', 1, '2016-06-19 17:05:07', 1, '2016-06-19 17:05:07', 1, 0),
(21, 24, 1, '2016-06-10 17:55:20', 1, '2016-06-19 17:19:53', 1, '2016-06-19 17:19:53', 1, 0),
(22, 25, 1, '2016-06-10 17:55:20', 1, '2016-06-19 17:19:53', 1, '2016-06-19 17:19:53', 1, 0),
(23, 29, 1, '2016-06-10 17:55:20', 1, '2016-06-19 18:07:54', 1, '2016-06-19 18:07:54', 1, 0),
(24, 30, 1, '2016-06-10 17:55:20', 1, '2016-06-19 18:09:17', 1, '2016-06-19 18:09:17', 1, 0),
(25, 31, 1, '2016-06-10 17:55:20', 1, '2016-06-19 18:09:17', 1, '2016-06-19 18:09:17', 1, 0),
(26, 32, 1, '2016-06-10 17:55:20', 1, '2016-06-19 18:09:17', 1, '2016-06-19 18:09:17', 1, 0),
(27, 1, 1, '2016-06-10 17:55:20', 1, '2016-06-10 17:55:20', 1, NULL, 0, 1),
(28, 2, 1, '2016-06-10 17:55:20', 1, '2016-06-10 17:55:20', 1, NULL, 0, 1),
(29, 3, 1, '2016-06-10 17:55:20', 1, '2016-06-10 17:55:20', 1, NULL, 0, 1),
(30, 34, 1, '2016-06-11 20:35:15', 1, '2016-06-19 17:19:53', 1, '2016-06-19 17:19:53', 1, 0),
(31, 20, 1, '2016-06-15 17:43:01', 1, '2016-06-19 17:05:07', 1, '2016-06-19 17:05:07', 1, 0),
(32, 21, 1, '2016-06-15 17:43:01', 1, '2016-06-19 17:05:07', 1, '2016-06-19 17:05:07', 1, 0),
(33, 22, 1, '2016-06-15 17:43:01', 1, '2016-06-19 17:05:07', 1, '2016-06-19 17:05:07', 1, 0),
(34, 23, 1, '2016-06-19 17:05:28', 1, '2016-06-19 18:05:56', 1, '2016-06-19 18:05:56', 1, 0),
(35, 24, 1, '2016-06-19 17:22:35', 1, '2016-06-19 17:22:50', 1, '2016-06-19 17:22:50', 1, 0),
(36, 25, 1, '2016-06-19 17:22:35', 1, '2016-06-19 17:22:50', 1, '2016-06-19 17:22:50', 1, 0),
(37, 34, 1, '2016-06-19 17:22:50', 1, '2016-06-19 18:00:07', 1, '2016-06-19 18:00:07', 1, 0),
(38, 27, 1, '2016-06-19 18:00:07', 1, '2016-06-19 19:05:22', 1, '2016-06-19 19:05:22', 1, 0),
(39, 28, 1, '2016-06-19 18:00:07', 1, '2016-06-19 18:00:33', 1, '2016-06-19 18:00:33', 1, 0),
(40, 34, 1, '2016-06-19 18:01:23', 1, '2016-06-19 18:01:55', 1, '2016-06-19 18:01:55', 1, 0),
(41, 34, 1, '2016-06-19 18:02:03', 1, '2016-06-19 18:04:38', 1, '2016-06-19 18:04:38', 1, 0),
(42, 25, 1, '2016-06-19 18:04:44', 1, '2016-06-19 18:05:41', 1, '2016-06-19 18:05:41', 1, 0),
(43, 34, 1, '2016-06-19 18:05:41', 1, '2016-06-19 18:05:47', 1, '2016-06-19 18:05:47', 1, 0),
(44, 23, 1, '2016-06-19 18:06:01', 1, '2016-06-19 18:06:01', 1, NULL, 0, 1),
(45, 24, 1, '2016-06-19 18:06:01', 1, '2016-06-19 18:06:01', 1, NULL, 0, 1),
(46, 25, 1, '2016-06-19 18:06:01', 1, '2016-06-19 18:06:01', 1, NULL, 0, 1),
(47, 34, 1, '2016-06-19 18:06:01', 1, '2016-06-19 18:06:01', 1, NULL, 0, 1),
(48, 30, 1, '2016-06-19 18:09:26', 1, '2016-06-19 18:09:36', 1, '2016-06-19 18:09:36', 1, 0),
(49, 29, 1, '2016-06-19 18:09:28', 1, '2016-06-19 19:39:14', 1, '2016-06-19 19:39:14', 1, 0),
(50, 32, 1, '2016-06-19 18:09:36', 1, '2016-06-19 18:09:43', 1, '2016-06-19 18:09:43', 1, 0),
(51, 32, 1, '2016-06-19 18:09:52', 1, '2016-06-19 18:11:57', 1, '2016-06-19 18:11:57', 1, 0),
(52, 31, 1, '2016-06-19 18:11:57', 1, '2016-06-19 18:12:04', 1, '2016-06-19 18:12:04', 1, 0),
(53, 30, 1, '2016-06-19 18:12:04', 1, '2016-06-19 18:12:11', 1, '2016-06-19 18:12:11', 1, 0),
(54, 32, 1, '2016-06-19 18:12:11', 1, '2016-06-19 19:39:14', 1, '2016-06-19 19:39:14', 1, 0),
(55, 30, 1, '2016-06-19 18:12:29', 1, '2016-06-19 19:39:14', 1, '2016-06-19 19:39:14', 1, 0),
(56, 31, 1, '2016-06-19 18:12:29', 1, '2016-06-19 19:39:14', 1, '2016-06-19 19:39:14', 1, 0),
(57, 8, 1, '2016-06-19 18:18:47', 1, '2016-06-19 18:19:28', 1, '2016-06-19 18:19:28', 1, 0),
(58, 9, 1, '2016-06-19 18:19:28', 1, '2016-06-19 18:25:18', 1, '2016-06-19 18:25:18', 1, 0),
(59, 10, 1, '2016-06-19 18:19:28', 1, '2016-06-19 18:25:18', 1, '2016-06-19 18:25:18', 1, 0),
(60, 8, 1, '2016-06-19 18:19:46', 1, '2016-06-19 18:25:18', 1, '2016-06-19 18:25:18', 1, 0),
(61, 8, 1, '2016-06-19 18:25:28', 1, '2016-06-19 18:28:34', 1, '2016-06-19 18:28:34', 1, 0),
(62, 9, 1, '2016-06-19 18:28:22', 1, '2016-06-19 18:28:34', 1, '2016-06-19 18:28:34', 1, 0),
(63, 10, 1, '2016-06-19 18:28:28', 1, '2016-06-19 18:28:34', 1, '2016-06-19 18:28:34', 1, 0),
(64, 8, 1, '2016-06-19 18:28:39', 1, '2016-06-19 18:45:25', 1, '2016-06-19 18:45:25', 1, 0),
(65, 9, 1, '2016-06-19 18:28:40', 1, '2016-06-19 18:45:25', 1, '2016-06-19 18:45:25', 1, 0),
(66, 10, 1, '2016-06-19 18:28:40', 1, '2016-06-19 18:45:25', 1, '2016-06-19 18:45:25', 1, 0),
(67, 5, 1, '2016-06-19 18:29:50', 1, '2016-06-19 18:31:37', 1, '2016-06-19 18:31:37', 1, 0),
(68, 5, 1, '2016-06-19 18:31:42', 1, '2016-06-19 18:45:25', 1, '2016-06-19 18:45:25', 1, 0),
(69, 6, 1, '2016-06-19 18:31:42', 1, '2016-06-19 18:34:30', 1, '2016-06-19 18:34:30', 1, 0),
(70, 7, 1, '2016-06-19 18:31:42', 1, '2016-06-19 18:34:24', 1, '2016-06-19 18:34:24', 1, 0),
(71, 6, 1, '2016-06-19 18:34:36', 1, '2016-06-19 18:45:25', 1, '2016-06-19 18:45:25', 1, 0),
(72, 7, 1, '2016-06-19 18:34:36', 1, '2016-06-19 18:45:25', 1, '2016-06-19 18:45:25', 1, 0),
(73, 11, 1, '2016-06-19 18:42:45', 1, '2016-06-19 18:45:41', 1, '2016-06-19 18:45:41', 1, 0),
(74, 12, 1, '2016-06-19 18:45:25', 1, '2016-06-19 18:45:41', 1, '2016-06-19 18:45:41', 1, 0),
(75, 13, 1, '2016-06-19 18:45:25', 1, '2016-06-19 18:45:41', 1, '2016-06-19 18:45:41', 1, 0),
(76, 11, 1, '2016-06-19 18:45:48', 1, '2016-06-19 19:38:56', 1, '2016-06-19 19:38:56', 1, 0),
(77, 13, 1, '2016-06-19 18:45:56', 1, '2016-06-19 19:38:56', 1, '2016-06-19 19:38:56', 1, 0),
(78, 12, 1, '2016-06-19 18:46:02', 1, '2016-06-19 19:38:56', 1, '2016-06-19 19:38:56', 1, 0),
(79, 17, 1, '2016-06-19 18:51:49', 1, '2016-06-19 19:38:56', 1, '2016-06-19 19:38:56', 1, 0),
(80, 19, 1, '2016-06-19 18:51:49', 1, '2016-06-19 19:38:56', 1, '2016-06-19 19:38:56', 1, 0),
(81, 18, 1, '2016-06-19 18:51:55', 1, '2016-06-19 19:38:56', 1, '2016-06-19 19:38:56', 1, 0),
(82, 20, 1, '2016-06-19 18:53:55', 1, '2016-06-19 18:54:02', 1, '2016-06-19 18:54:02', 1, 0),
(83, 21, 1, '2016-06-19 18:56:03', 1, '2016-06-19 18:56:26', 1, '2016-06-19 18:56:26', 1, 0),
(84, 20, 1, '2016-06-19 18:56:32', 1, '2016-06-19 19:04:46', 1, '2016-06-19 19:04:46', 1, 0),
(85, 21, 1, '2016-06-19 18:56:32', 1, '2016-06-19 19:04:40', 1, '2016-06-19 19:04:40', 1, 0),
(86, 22, 1, '2016-06-19 18:56:32', 1, '2016-06-19 19:04:46', 1, '2016-06-19 19:04:46', 1, 0),
(87, 20, 1, '2016-06-19 19:04:54', 1, '2016-06-19 19:38:56', 1, '2016-06-19 19:38:56', 1, 0),
(88, 21, 1, '2016-06-19 19:04:54', 1, '2016-06-19 19:38:56', 1, '2016-06-19 19:38:56', 1, 0),
(89, 22, 1, '2016-06-19 19:04:54', 1, '2016-06-19 19:38:56', 1, '2016-06-19 19:38:56', 1, 0),
(90, 27, 10, '2016-06-19 19:36:48', 1, '2016-06-19 19:36:48', 1, NULL, 0, 1),
(91, 26, 10, '2016-06-19 19:37:43', 1, '2016-06-19 19:37:43', 1, NULL, 0, 1),
(92, 29, 10, '2016-06-19 19:38:11', 1, '2016-06-19 19:38:21', 1, '2016-06-19 19:38:21', 1, 0),
(93, 30, 10, '2016-06-19 19:38:11', 1, '2016-06-19 19:38:21', 1, '2016-06-19 19:38:21', 1, 0),
(94, 31, 10, '2016-06-19 19:38:11', 1, '2016-06-19 19:38:21', 1, '2016-06-19 19:38:21', 1, 0),
(95, 32, 10, '2016-06-19 19:38:11', 1, '2016-06-19 19:38:21', 1, '2016-06-19 19:38:21', 1, 0),
(96, 26, 1, '2016-06-19 19:38:56', 1, '2016-06-19 19:39:04', 1, NULL, 0, 1),
(97, 29, 1, '2016-06-19 19:39:21', 1, '2016-06-19 19:39:21', 1, NULL, 0, 1),
(98, 30, 1, '2016-06-19 19:39:21', 1, '2016-06-19 19:39:21', 1, NULL, 0, 1),
(99, 31, 1, '2016-06-19 19:39:21', 1, '2016-06-19 19:39:21', 1, NULL, 0, 1),
(100, 32, 1, '2016-06-19 19:39:21', 1, '2016-06-19 19:39:21', 1, NULL, 0, 1),
(101, 26, 1, '2016-06-19 19:39:30', 1, '2016-06-19 19:39:53', 1, NULL, 0, 1),
(102, 27, 1, '2016-06-19 19:39:30', 1, '2016-06-19 19:39:47', 1, NULL, 0, 1),
(103, 28, 1, '2016-06-19 19:39:38', 1, '2016-06-19 19:39:47', 1, NULL, 0, 1),
(104, 8, 1, '2016-07-10 16:51:49', 1, '2016-08-09 21:42:11', 1, '2016-08-09 21:42:11', 1, 0),
(105, 9, 1, '2016-07-10 16:51:49', 1, '2016-08-09 21:42:11', 1, '2016-08-09 21:42:11', 1, 0),
(106, 10, 1, '2016-07-10 16:51:49', 1, '2016-08-09 21:42:11', 1, '2016-08-09 21:42:11', 1, 0),
(107, 5, 1, '2016-07-10 16:51:49', 1, '2016-08-09 21:42:11', 1, '2016-08-09 21:42:11', 1, 0),
(108, 6, 1, '2016-07-10 16:51:49', 1, '2016-08-09 21:42:11', 1, '2016-08-09 21:42:11', 1, 0),
(109, 7, 1, '2016-07-10 16:51:49', 1, '2016-08-09 21:42:11', 1, '2016-08-09 21:42:11', 1, 0),
(110, 11, 1, '2016-07-10 16:51:49', 1, '2016-08-09 21:42:11', 1, '2016-08-09 21:42:11', 1, 0),
(111, 12, 1, '2016-07-10 16:51:49', 1, '2016-08-09 21:42:11', 1, '2016-08-09 21:42:11', 1, 0),
(112, 13, 1, '2016-07-10 16:51:49', 1, '2016-08-09 21:42:11', 1, '2016-08-09 21:42:11', 1, 0),
(113, 17, 1, '2016-07-10 16:51:49', 1, '2016-08-09 21:42:11', 1, '2016-08-09 21:42:11', 1, 0),
(114, 18, 1, '2016-07-10 16:51:49', 1, '2016-08-09 21:42:11', 1, '2016-08-09 21:42:11', 1, 0),
(115, 19, 1, '2016-07-10 16:51:49', 1, '2016-08-09 21:42:11', 1, '2016-08-09 21:42:11', 1, 0),
(116, 20, 1, '2016-07-10 16:51:49', 1, '2016-08-09 21:42:11', 1, '2016-08-09 21:42:11', 1, 0),
(117, 21, 1, '2016-07-10 16:51:49', 1, '2016-08-09 21:42:11', 1, '2016-08-09 21:42:11', 1, 0),
(118, 22, 1, '2016-07-10 16:51:49', 1, '2016-08-09 21:42:11', 1, '2016-08-09 21:42:11', 1, 0),
(119, 35, 1, '2016-08-09 21:42:11', 1, '2016-08-20 20:19:36', 1, '2016-08-20 20:19:36', 1, 0),
(120, 36, 1, '2016-08-09 21:42:11', 1, '2016-08-20 20:19:36', 1, '2016-08-20 20:19:36', 1, 0),
(121, 37, 1, '2016-08-09 21:42:11', 1, '2016-08-20 20:19:36', 1, '2016-08-20 20:19:36', 1, 0),
(122, 38, 1, '2016-08-09 21:42:11', 1, '2016-08-20 20:19:36', 1, '2016-08-20 20:19:36', 1, 0),
(123, 8, 1, '2016-08-10 20:03:23', 1, '2016-08-20 20:19:36', 1, '2016-08-20 20:19:36', 1, 0),
(124, 9, 1, '2016-08-10 20:03:23', 1, '2016-08-20 20:19:36', 1, '2016-08-20 20:19:36', 1, 0),
(125, 10, 1, '2016-08-10 20:03:23', 1, '2016-08-20 20:19:36', 1, '2016-08-20 20:19:36', 1, 0),
(126, 5, 1, '2016-08-10 20:03:23', 1, '2016-08-20 20:19:36', 1, '2016-08-20 20:19:36', 1, 0),
(127, 6, 1, '2016-08-10 20:03:23', 1, '2016-08-20 20:19:36', 1, '2016-08-20 20:19:36', 1, 0),
(128, 7, 1, '2016-08-10 20:03:23', 1, '2016-08-20 20:19:36', 1, '2016-08-20 20:19:36', 1, 0),
(129, 11, 1, '2016-08-10 20:03:23', 1, '2016-08-20 20:19:36', 1, '2016-08-20 20:19:36', 1, 0),
(130, 12, 1, '2016-08-10 20:03:23', 1, '2016-08-20 20:19:36', 1, '2016-08-20 20:19:36', 1, 0),
(131, 13, 1, '2016-08-10 20:03:23', 1, '2016-08-20 20:19:36', 1, '2016-08-20 20:19:36', 1, 0),
(132, 17, 1, '2016-08-10 20:03:23', 1, '2016-08-20 20:19:36', 1, '2016-08-20 20:19:36', 1, 0),
(133, 18, 1, '2016-08-10 20:03:23', 1, '2016-08-20 20:19:36', 1, '2016-08-20 20:19:36', 1, 0),
(134, 19, 1, '2016-08-10 20:03:23', 1, '2016-08-20 20:19:36', 1, '2016-08-20 20:19:36', 1, 0),
(135, 20, 1, '2016-08-10 20:03:23', 1, '2016-08-20 20:19:36', 1, '2016-08-20 20:19:36', 1, 0),
(136, 21, 1, '2016-08-10 20:03:23', 1, '2016-08-20 20:19:36', 1, '2016-08-20 20:19:36', 1, 0),
(137, 22, 1, '2016-08-10 20:03:23', 1, '2016-08-20 20:19:36', 1, '2016-08-20 20:19:36', 1, 0),
(138, 39, 1, '2016-08-20 20:19:36', 1, '2016-08-20 20:19:36', 1, NULL, 0, 1),
(139, 40, 1, '2016-08-20 20:19:36', 1, '2016-08-20 20:19:36', 1, NULL, 0, 1),
(140, 41, 1, '2016-08-20 20:19:36', 1, '2016-08-20 20:19:36', 1, NULL, 0, 1),
(141, 42, 1, '2016-08-20 20:19:36', 1, '2016-08-20 20:19:36', 1, NULL, 0, 1),
(142, 8, 1, '2016-08-20 20:20:03', 1, '2017-01-13 22:12:11', 1, '2017-01-13 22:12:11', 1, 0),
(143, 9, 1, '2016-08-20 20:20:03', 1, '2017-01-13 22:12:11', 1, '2017-01-13 22:12:11', 1, 0),
(144, 10, 1, '2016-08-20 20:20:03', 1, '2017-01-13 22:12:11', 1, '2017-01-13 22:12:11', 1, 0),
(145, 5, 1, '2016-08-20 20:20:03', 1, '2017-01-13 22:12:11', 1, '2017-01-13 22:12:11', 1, 0),
(146, 6, 1, '2016-08-20 20:20:03', 1, '2017-01-13 22:12:11', 1, '2017-01-13 22:12:11', 1, 0),
(147, 7, 1, '2016-08-20 20:20:03', 1, '2017-01-13 22:12:11', 1, '2017-01-13 22:12:11', 1, 0),
(148, 11, 1, '2016-08-20 20:20:03', 1, '2017-01-13 22:12:11', 1, '2017-01-13 22:12:11', 1, 0),
(149, 12, 1, '2016-08-20 20:20:03', 1, '2017-01-13 22:12:11', 1, '2017-01-13 22:12:11', 1, 0),
(150, 13, 1, '2016-08-20 20:20:03', 1, '2017-01-13 22:12:11', 1, '2017-01-13 22:12:11', 1, 0),
(151, 17, 1, '2016-08-20 20:20:03', 1, '2017-01-13 22:12:11', 1, '2017-01-13 22:12:11', 1, 0),
(152, 18, 1, '2016-08-20 20:20:03', 1, '2017-01-13 22:12:11', 1, '2017-01-13 22:12:11', 1, 0),
(153, 19, 1, '2016-08-20 20:20:03', 1, '2017-01-13 22:12:11', 1, '2017-01-13 22:12:11', 1, 0),
(154, 20, 1, '2016-08-20 20:20:03', 1, '2017-01-13 22:12:11', 1, '2017-01-13 22:12:11', 1, 0),
(155, 21, 1, '2016-08-20 20:20:03', 1, '2017-01-13 22:12:11', 1, '2017-01-13 22:12:11', 1, 0),
(156, 22, 1, '2016-08-20 20:20:03', 1, '2017-01-13 22:12:11', 1, '2017-01-13 22:12:11', 1, 0),
(157, 35, 1, '2016-08-20 20:20:03', 1, '2017-01-13 22:12:11', 1, '2017-01-13 22:12:11', 1, 0),
(158, 36, 1, '2016-08-20 20:20:03', 1, '2017-01-13 22:12:11', 1, '2017-01-13 22:12:11', 1, 0),
(159, 37, 1, '2016-08-20 20:20:03', 1, '2017-01-13 22:12:11', 1, '2017-01-13 22:12:11', 1, 0),
(160, 38, 1, '2016-08-20 20:20:03', 1, '2017-01-13 22:12:11', 1, '2017-01-13 22:12:11', 1, 0),
(161, 43, 1, '2016-08-21 00:45:18', 1, '2016-08-21 00:45:18', 1, NULL, 0, 1),
(162, 44, 1, '2016-08-21 00:45:18', 1, '2016-08-21 00:45:18', 1, NULL, 0, 1),
(163, 45, 1, '2016-08-21 00:45:18', 1, '2016-08-21 00:45:18', 1, NULL, 0, 1),
(164, 8, 1, '2017-01-14 19:42:33', 1, '2017-01-14 21:33:35', 1, '2017-01-14 21:33:35', 1, 0),
(165, 9, 1, '2017-01-14 19:42:33', 1, '2017-01-14 21:33:35', 1, '2017-01-14 21:33:35', 1, 0),
(166, 10, 1, '2017-01-14 19:42:33', 1, '2017-01-14 21:33:35', 1, '2017-01-14 21:33:35', 1, 0),
(167, 5, 1, '2017-01-14 19:42:33', 1, '2017-01-14 21:33:35', 1, '2017-01-14 21:33:35', 1, 0),
(168, 6, 1, '2017-01-14 19:42:33', 1, '2017-01-14 21:33:35', 1, '2017-01-14 21:33:35', 1, 0),
(169, 7, 1, '2017-01-14 19:42:33', 1, '2017-01-14 21:33:35', 1, '2017-01-14 21:33:35', 1, 0),
(170, 11, 1, '2017-01-14 19:42:33', 1, '2017-01-14 21:33:35', 1, '2017-01-14 21:33:35', 1, 0),
(171, 12, 1, '2017-01-14 19:42:33', 1, '2017-01-14 21:33:35', 1, '2017-01-14 21:33:35', 1, 0),
(172, 13, 1, '2017-01-14 19:42:33', 1, '2017-01-14 21:33:35', 1, '2017-01-14 21:33:35', 1, 0),
(173, 17, 1, '2017-01-14 19:42:33', 1, '2017-01-14 21:33:35', 1, '2017-01-14 21:33:35', 1, 0),
(174, 18, 1, '2017-01-14 19:42:33', 1, '2017-01-14 21:33:35', 1, '2017-01-14 21:33:35', 1, 0),
(175, 19, 1, '2017-01-14 19:42:33', 1, '2017-01-14 21:33:35', 1, '2017-01-14 21:33:35', 1, 0),
(176, 20, 1, '2017-01-14 19:42:33', 1, '2017-01-14 21:33:35', 1, '2017-01-14 21:33:35', 1, 0),
(177, 21, 1, '2017-01-14 19:42:33', 1, '2017-01-14 21:33:35', 1, '2017-01-14 21:33:35', 1, 0),
(178, 22, 1, '2017-01-14 19:42:33', 1, '2017-01-14 21:33:35', 1, '2017-01-14 21:33:35', 1, 0),
(179, 35, 1, '2017-01-14 19:42:33', 1, '2017-01-14 21:33:35', 1, '2017-01-14 21:33:35', 1, 0),
(180, 36, 1, '2017-01-14 19:42:33', 1, '2017-01-14 21:33:35', 1, '2017-01-14 21:33:35', 1, 0),
(181, 37, 1, '2017-01-14 19:42:33', 1, '2017-01-14 21:33:35', 1, '2017-01-14 21:33:35', 1, 0),
(182, 38, 1, '2017-01-14 19:42:33', 1, '2017-01-14 21:33:35', 1, '2017-01-14 21:33:35', 1, 0),
(183, 47, 1, '2017-01-14 21:33:35', 1, '2017-01-14 21:33:35', 1, NULL, 0, 1),
(184, 8, 1, '2017-01-14 21:34:32', 1, '2017-01-14 23:05:16', 1, '2017-01-14 23:05:16', 1, 0),
(185, 9, 1, '2017-01-14 21:34:32', 1, '2017-01-14 23:05:16', 1, '2017-01-14 23:05:16', 1, 0),
(186, 10, 1, '2017-01-14 21:34:32', 1, '2017-01-14 23:05:16', 1, '2017-01-14 23:05:16', 1, 0),
(187, 5, 1, '2017-01-14 21:34:32', 1, '2017-01-14 23:05:16', 1, '2017-01-14 23:05:16', 1, 0),
(188, 6, 1, '2017-01-14 21:34:32', 1, '2017-01-14 23:05:16', 1, '2017-01-14 23:05:16', 1, 0),
(189, 7, 1, '2017-01-14 21:34:32', 1, '2017-01-14 23:05:16', 1, '2017-01-14 23:05:16', 1, 0),
(190, 48, 1, '2017-01-14 23:05:16', 1, '2017-01-14 23:05:16', 1, NULL, 0, 1),
(191, 8, 1, '2017-01-15 21:05:52', 1, '2017-01-16 17:46:47', 1, '2017-01-16 17:46:47', 1, 0),
(192, 9, 1, '2017-01-15 21:05:52', 1, '2017-01-16 17:46:47', 1, '2017-01-16 17:46:47', 1, 0),
(193, 10, 1, '2017-01-15 21:05:52', 1, '2017-01-16 17:46:47', 1, '2017-01-16 17:46:47', 1, 0),
(194, 5, 1, '2017-01-15 21:05:52', 1, '2017-01-16 17:46:47', 1, '2017-01-16 17:46:47', 1, 0),
(195, 6, 1, '2017-01-15 21:05:52', 1, '2017-01-16 17:46:47', 1, '2017-01-16 17:46:47', 1, 0),
(196, 7, 1, '2017-01-15 21:05:52', 1, '2017-01-16 17:46:47', 1, '2017-01-16 17:46:47', 1, 0),
(197, 11, 1, '2017-01-15 21:05:52', 1, '2017-01-16 17:46:47', 1, '2017-01-16 17:46:47', 1, 0),
(198, 12, 1, '2017-01-15 21:05:52', 1, '2017-01-16 17:46:47', 1, '2017-01-16 17:46:47', 1, 0),
(199, 13, 1, '2017-01-15 21:05:52', 1, '2017-01-16 17:46:47', 1, '2017-01-16 17:46:47', 1, 0),
(200, 17, 1, '2017-01-15 21:05:52', 1, '2017-01-16 17:46:47', 1, '2017-01-16 17:46:47', 1, 0),
(201, 18, 1, '2017-01-15 21:05:52', 1, '2017-01-16 17:46:47', 1, '2017-01-16 17:46:47', 1, 0),
(202, 19, 1, '2017-01-15 21:05:52', 1, '2017-01-16 17:46:47', 1, '2017-01-16 17:46:47', 1, 0),
(203, 20, 1, '2017-01-15 21:05:52', 1, '2017-01-16 17:46:47', 1, '2017-01-16 17:46:47', 1, 0),
(204, 21, 1, '2017-01-15 21:05:52', 1, '2017-01-16 17:46:47', 1, '2017-01-16 17:46:47', 1, 0),
(205, 22, 1, '2017-01-15 21:05:52', 1, '2017-01-16 17:46:47', 1, '2017-01-16 17:46:47', 1, 0),
(206, 35, 1, '2017-01-15 21:05:52', 1, '2017-01-16 17:46:47', 1, '2017-01-16 17:46:47', 1, 0),
(207, 36, 1, '2017-01-15 21:05:52', 1, '2017-01-16 17:46:47', 1, '2017-01-16 17:46:47', 1, 0),
(208, 37, 1, '2017-01-15 21:05:52', 1, '2017-01-16 17:46:47', 1, '2017-01-16 17:46:47', 1, 0),
(209, 38, 1, '2017-01-15 21:05:52', 1, '2017-01-16 17:46:47', 1, '2017-01-16 17:46:47', 1, 0),
(210, 8, 1, '2017-01-16 21:28:19', 1, '2017-02-06 16:43:29', 1, '2017-02-06 16:43:29', 1, 0),
(211, 9, 1, '2017-01-16 21:28:19', 1, '2017-02-06 16:43:29', 1, '2017-02-06 16:43:29', 1, 0),
(212, 10, 1, '2017-01-16 21:28:19', 1, '2017-02-06 16:43:29', 1, '2017-02-06 16:43:29', 1, 0),
(213, 5, 1, '2017-01-16 21:28:19', 1, '2017-02-06 16:43:29', 1, '2017-02-06 16:43:29', 1, 0),
(214, 6, 1, '2017-01-16 21:28:19', 1, '2017-02-06 16:43:29', 1, '2017-02-06 16:43:29', 1, 0),
(215, 7, 1, '2017-01-16 21:28:19', 1, '2017-02-06 16:43:29', 1, '2017-02-06 16:43:29', 1, 0),
(216, 11, 1, '2017-01-16 21:28:19', 1, '2017-02-06 16:43:29', 1, '2017-02-06 16:43:29', 1, 0),
(217, 12, 1, '2017-01-16 21:28:19', 1, '2017-02-06 16:43:29', 1, '2017-02-06 16:43:29', 1, 0),
(218, 13, 1, '2017-01-16 21:28:19', 1, '2017-02-06 16:43:29', 1, '2017-02-06 16:43:29', 1, 0),
(219, 17, 1, '2017-01-16 21:28:19', 1, '2017-02-06 16:43:29', 1, '2017-02-06 16:43:29', 1, 0),
(220, 18, 1, '2017-01-16 21:28:19', 1, '2017-02-06 16:43:29', 1, '2017-02-06 16:43:29', 1, 0),
(221, 19, 1, '2017-01-16 21:28:19', 1, '2017-02-06 16:43:29', 1, '2017-02-06 16:43:29', 1, 0),
(222, 20, 1, '2017-01-16 21:28:19', 1, '2017-02-06 16:43:29', 1, '2017-02-06 16:43:29', 1, 0),
(223, 21, 1, '2017-01-16 21:28:19', 1, '2017-02-06 16:43:29', 1, '2017-02-06 16:43:29', 1, 0),
(224, 22, 1, '2017-01-16 21:28:19', 1, '2017-02-06 16:43:29', 1, '2017-02-06 16:43:29', 1, 0),
(225, 35, 1, '2017-01-16 21:28:19', 1, '2017-02-06 16:43:29', 1, '2017-02-06 16:43:29', 1, 0),
(226, 36, 1, '2017-01-16 21:28:19', 1, '2017-02-06 16:43:29', 1, '2017-02-06 16:43:29', 1, 0),
(227, 37, 1, '2017-01-16 21:28:19', 1, '2017-02-06 16:43:29', 1, '2017-02-06 16:43:29', 1, 0),
(228, 38, 1, '2017-01-16 21:28:19', 1, '2017-02-06 16:43:29', 1, '2017-02-06 16:43:29', 1, 0),
(229, 49, 1, '2017-02-06 16:43:29', 1, '2017-02-06 16:43:29', 1, NULL, 0, 1),
(230, 8, 1, '2017-02-06 16:51:06', 1, '2017-04-24 17:17:00', 1, '2017-04-24 17:17:00', 1, 0),
(231, 9, 1, '2017-02-06 16:51:06', 1, '2017-04-24 17:17:00', 1, '2017-04-24 17:17:00', 1, 0),
(232, 10, 1, '2017-02-06 16:51:06', 1, '2017-04-24 17:17:00', 1, '2017-04-24 17:17:00', 1, 0),
(233, 5, 1, '2017-02-06 16:51:06', 1, '2017-04-24 17:17:00', 1, '2017-04-24 17:17:00', 1, 0),
(234, 6, 1, '2017-02-06 16:51:06', 1, '2017-04-24 17:17:00', 1, '2017-04-24 17:17:00', 1, 0),
(235, 7, 1, '2017-02-06 16:51:06', 1, '2017-04-24 17:17:00', 1, '2017-04-24 17:17:00', 1, 0),
(236, 11, 1, '2017-02-06 16:51:06', 1, '2017-04-24 17:17:00', 1, '2017-04-24 17:17:00', 1, 0),
(237, 12, 1, '2017-02-06 16:51:06', 1, '2017-04-24 17:17:00', 1, '2017-04-24 17:17:00', 1, 0),
(238, 13, 1, '2017-02-06 16:51:06', 1, '2017-04-24 17:17:00', 1, '2017-04-24 17:17:00', 1, 0),
(239, 17, 1, '2017-02-06 16:51:06', 1, '2017-04-24 17:17:00', 1, '2017-04-24 17:17:00', 1, 0),
(240, 18, 1, '2017-02-06 16:51:06', 1, '2017-04-24 17:17:00', 1, '2017-04-24 17:17:00', 1, 0),
(241, 19, 1, '2017-02-06 16:51:06', 1, '2017-04-24 17:17:00', 1, '2017-04-24 17:17:00', 1, 0),
(242, 20, 1, '2017-02-06 16:51:06', 1, '2017-04-24 17:17:00', 1, '2017-04-24 17:17:00', 1, 0),
(243, 21, 1, '2017-02-06 16:51:06', 1, '2017-04-24 17:17:00', 1, '2017-04-24 17:17:00', 1, 0),
(244, 22, 1, '2017-02-06 16:51:06', 1, '2017-04-24 17:17:00', 1, '2017-04-24 17:17:00', 1, 0),
(245, 35, 1, '2017-02-06 16:51:06', 1, '2017-04-24 17:17:00', 1, '2017-04-24 17:17:00', 1, 0),
(246, 36, 1, '2017-02-06 16:51:06', 1, '2017-04-24 17:17:00', 1, '2017-04-24 17:17:00', 1, 0),
(247, 37, 1, '2017-02-06 16:51:06', 1, '2017-04-24 17:17:00', 1, '2017-04-24 17:17:00', 1, 0),
(248, 38, 1, '2017-02-06 16:51:06', 1, '2017-04-24 17:17:00', 1, '2017-04-24 17:17:00', 1, 0),
(249, 50, 1, '2017-04-24 17:17:00', 1, '2017-04-24 17:17:00', 1, NULL, 0, 1),
(250, 8, 1, '2017-06-04 23:28:08', 1, '2017-06-04 23:28:08', 1, NULL, 0, 1),
(251, 9, 1, '2017-06-04 23:28:08', 1, '2017-06-04 23:28:08', 1, NULL, 0, 1),
(252, 10, 1, '2017-06-04 23:28:08', 1, '2017-06-04 23:28:08', 1, NULL, 0, 1),
(253, 5, 1, '2017-06-04 23:28:08', 1, '2017-06-04 23:28:08', 1, NULL, 0, 1),
(254, 6, 1, '2017-06-04 23:28:08', 1, '2017-06-04 23:28:08', 1, NULL, 0, 1),
(255, 7, 1, '2017-06-04 23:28:08', 1, '2017-06-04 23:28:08', 1, NULL, 0, 1),
(256, 11, 1, '2017-06-04 23:28:08', 1, '2017-06-04 23:28:08', 1, NULL, 0, 1),
(257, 12, 1, '2017-06-04 23:28:08', 1, '2017-06-04 23:28:08', 1, NULL, 0, 1),
(258, 13, 1, '2017-06-04 23:28:08', 1, '2017-06-04 23:28:08', 1, NULL, 0, 1),
(259, 17, 1, '2017-06-04 23:28:08', 1, '2017-06-04 23:28:08', 1, NULL, 0, 1),
(260, 18, 1, '2017-06-04 23:28:08', 1, '2017-06-04 23:28:08', 1, NULL, 0, 1),
(261, 19, 1, '2017-06-04 23:28:08', 1, '2017-06-04 23:28:08', 1, NULL, 0, 1),
(262, 20, 1, '2017-06-04 23:28:08', 1, '2017-06-04 23:28:08', 1, NULL, 0, 1),
(263, 21, 1, '2017-06-04 23:28:08', 1, '2017-06-04 23:28:08', 1, NULL, 0, 1),
(264, 22, 1, '2017-06-04 23:28:08', 1, '2017-06-04 23:28:08', 1, NULL, 0, 1),
(265, 35, 1, '2017-06-04 23:28:08', 1, '2017-06-04 23:28:08', 1, NULL, 0, 1),
(266, 36, 1, '2017-06-04 23:28:08', 1, '2017-06-04 23:28:08', 1, NULL, 0, 1),
(267, 37, 1, '2017-06-04 23:28:08', 1, '2017-06-04 23:28:08', 1, NULL, 0, 1),
(268, 38, 1, '2017-06-04 23:28:08', 1, '2017-06-04 23:28:08', 1, NULL, 0, 1),
(269, 50, 10, '2020-04-26 06:21:11', 1, '2020-04-26 06:21:15', 1, '2020-04-26 06:21:15', 1, 0);

-- --------------------------------------------------------

--
-- Table structure for table `admin_menu`
--

CREATE TABLE `admin_menu` (
  `id` int(11) NOT NULL,
  `menu_name` varchar(50) NOT NULL,
  `menu_icon` varchar(50) NOT NULL,
  `route` varchar(50) NOT NULL,
  `parent_id` int(11) NOT NULL COMMENT 'Foreign key: self.id',
  `resource` tinyint(1) NOT NULL COMMENT '1=Yes, 0=No',
  `sl_no` tinyint(4) NOT NULL,
  `status` tinyint(1) NOT NULL COMMENT '1=Active, 0=Inactive',
  `created_at` timestamp NULL DEFAULT NULL,
  `created_by` int(11) NOT NULL,
  `updated_at` timestamp NULL DEFAULT NULL,
  `updated_by` int(11) NOT NULL,
  `deleted_at` timestamp NULL DEFAULT NULL,
  `deleted_by` int(11) NOT NULL,
  `valid` tinyint(1) NOT NULL
) ENGINE=InnoDB DEFAULT CHARSET=latin1;

--
-- Dumping data for table `admin_menu`
--

INSERT INTO `admin_menu` (`id`, `menu_name`, `menu_icon`, `route`, `parent_id`, `resource`, `sl_no`, `status`, `created_at`, `created_by`, `updated_at`, `updated_by`, `deleted_at`, `deleted_by`, `valid`) VALUES
(1, 'Dashboard', 'icomoon-icon-dashboard', 'dashboard', 0, 0, 1, 1, '2016-06-07 19:25:46', 1, '2016-06-08 17:40:13', 1, NULL, 0, 1),
(2, 'Menu Sorting', 'icomoon-icon-sort', 'adminMenuSorting', 4, 0, 3, 1, '2016-06-07 19:30:08', 1, '2016-06-10 18:56:10', 1, NULL, 0, 1),
(3, 'Configuration', 'icomoon-icon-cogs', '#', 0, 0, 5, 1, '2016-06-07 19:33:28', 1, '2016-06-10 18:56:10', 1, NULL, 0, 1),
(4, 'Admin Panel', 'icomoon-icon-expand', '#', 3, 0, 1, 1, '2016-06-07 19:34:21', 1, '2016-06-08 17:50:34', 1, NULL, 0, 1),
(5, 'Internal Link', 'icomoon-icon-link', 'adminInternalLink.index', 4, 1, 2, 1, '2016-06-07 19:37:26', 1, '2016-06-08 17:47:44', 1, NULL, 0, 1),
(6, 'Menu', 'icomoon-icon-menu-3', 'adminMenu.index', 4, 1, 1, 1, '2016-06-07 20:05:09', 1, '2016-06-10 18:56:10', 1, NULL, 0, 1),
(8, 'Admin', 'icomoon-icon-address-book', 'admin.index', 0, 1, 3, 1, '2016-06-07 20:09:06', 1, '2016-06-10 18:56:09', 1, NULL, 0, 1),
(10, 'Software', 'icomoon-icon-cursor-2', '#', 3, 0, 2, 1, '2016-06-07 20:11:12', 1, '2016-06-08 17:45:11', 1, NULL, 0, 1),
(11, 'Module ', 'icomoon-icon-anchor', 'softwareModule.index', 10, 1, 1, 1, '2016-06-07 20:12:19', 1, '2016-06-08 17:45:11', 1, NULL, 0, 1),
(12, 'Menu', 'icomoon-icon-menu-3', 'softwareMenu.index', 19, 1, 1, 1, '2016-06-07 20:14:11', 1, '2016-08-09 21:34:55', 1, NULL, 0, 1),
(13, 'Menu Sorting', 'icomoon-icon-scissors-2', 'softwareMenuSorting', 19, 0, 3, 1, '2016-06-07 20:15:41', 1, '2020-04-26 06:02:05', 1, NULL, 0, 1),
(14, 'Internal Link', 'icomoon-icon-link-2', 'softwareInternalLink.index', 19, 1, 2, 1, '2016-06-07 20:16:51', 1, '2020-04-26 06:02:05', 1, NULL, 0, 1),
(15, 'Project Registration', 'icomoon-icon-star-2', 'projectRegistration.index', 0, 1, 2, 1, '2016-06-07 20:18:50', 1, '2016-06-10 18:56:09', 1, NULL, 0, 1),
(16, 'Provider Users', 'icomoon-icon-user', 'user.index', 0, 1, 4, 1, '2016-06-07 20:20:01', 1, '2017-06-06 01:14:55', 1, NULL, 0, 1),
(17, 'Back Office Setup', 'icomoon-icon-office', '#', 0, 0, 6, 1, '2016-06-08 18:03:53', 1, '2016-06-08 18:06:09', 1, NULL, 0, 1),
(18, 'Designation', 'icomoon-icon-accessibility-2', 'providerDesignation.index', 17, 1, 1, 1, '2016-06-08 18:04:46', 1, '2017-06-06 01:29:09', 1, NULL, 0, 1),
(19, 'Software Menu', 'icomoon-icon-list', '#', 10, 0, 2, 1, '2016-08-09 21:34:14', 1, '2016-08-09 21:34:55', 1, NULL, 0, 1),
(20, 'Software Package', 'icomoon-icon-bubble-paperclip', '#', 10, 0, 3, 1, '2016-08-09 21:39:10', 1, '2016-08-10 22:37:59', 1, NULL, 0, 1),
(21, 'CRM Package', 'icomoon-icon-crown', 'crmPackage.index', 20, 1, 1, 1, '2016-08-10 22:37:06', 1, '2017-06-10 21:55:37', 1, '2017-06-10 21:55:37', 1, 0),
(22, 'Area', 'icomoon-icon-share-2', 'area.index', 17, 1, 2, 1, '2016-08-20 20:08:56', 1, '2016-08-20 20:29:27', 1, '2016-08-20 20:29:27', 1, 0),
(23, 'Job Area', 'icomoon-icon-share-2', 'jobArea.index', 17, 1, 2, 1, '2016-08-21 00:29:35', 1, '2016-11-16 22:45:20', 1, NULL, 0, 1),
(24, 'Lead Info', '', 'myReport.leadInfo', 0, 0, 0, 1, '2016-10-08 03:11:22', 1, '2016-10-08 03:20:58', 1, '2016-10-08 03:20:58', 1, 0),
(25, 'Client Payment Reminder', 'icomoon-icon-alarm-2', 'crmPaymentReminder', 17, 0, 3, 1, '2017-01-13 22:10:30', 1, '2017-06-08 00:57:49', 1, '2017-06-08 00:57:49', 1, 0),
(26, 'Payment History', 'icomoon-icon-paypal', 'paymentHistory', 0, 0, 7, 1, '2017-01-15 21:06:32', 1, '2017-06-08 00:57:45', 1, '2017-06-08 00:57:45', 1, 0),
(27, 'Subscription History', 'icomoon-icon-history', 'subscriptionHistory', 0, 0, 8, 1, '2017-01-16 17:46:38', 1, '2017-06-08 00:57:38', 1, '2017-06-08 00:57:38', 1, 0),
(28, 'Mail Configuration', 'icomoon-icon-mail-3', 'projectMailConfiguration', 17, 0, 3, 1, '2017-02-28 22:31:43', 1, '2020-04-26 06:01:37', 1, NULL, 0, 1),
(29, 'Provider', 'icomoon-icon-cube', '#', 0, 0, 0, 1, '2017-06-04 23:30:13', 1, '2017-06-04 23:52:15', 1, '2017-06-04 23:52:15', 1, 0),
(30, 'Corporate', 'icomoon-icon-books', '#', 0, 0, 0, 1, '2017-06-04 23:31:19', 1, '2017-06-04 23:52:09', 1, '2017-06-04 23:52:09', 1, 0),
(31, 'Menu', 'icomoon-icon-menu-3', 'corporateMenu.index', 0, 1, 0, 1, '2017-06-04 23:43:01', 1, '2017-06-04 23:52:05', 1, '2017-06-04 23:52:05', 1, 0),
(32, 'Internal Link', 'icomoon-icon-link', 'corporateInternalLink.index', 0, 1, 0, 1, '2017-06-04 23:45:39', 1, '2017-06-04 23:52:01', 1, '2017-06-04 23:52:01', 1, 0),
(33, 'Instructor Management', 'icomoon-icon-people', '#', 0, 0, 0, 1, '2017-09-26 11:22:11', 1, '2017-09-26 11:24:01', 1, '2017-09-26 11:24:01', 1, 0),
(34, 'Instructor Biography', 'icomoon-icon-man', 'instructorBiography.index', 0, 1, 0, 1, '2017-09-26 11:23:12', 1, '2017-09-26 11:24:06', 1, '2017-09-26 11:24:06', 1, 0),
(35, 'Corporate Step', 'icomoon-icon-airplane', 'stepCorCourseAgreement.index', 0, 1, 0, 1, '2019-02-11 05:46:15', 1, '2019-02-11 05:47:56', 1, '2019-02-11 05:47:56', 1, 0),
(36, 'Exam', 'icomoon-icon-clipboard', 'exam.index', 0, 1, 0, 1, '2019-12-01 09:34:14', 1, '2019-12-01 09:34:55', 1, '2019-12-01 09:34:55', 1, 0),
(37, 'abcd', 'icomoon-icon-accessibility', 'abc', 0, 0, 0, 1, '2020-04-26 05:59:48', 1, '2020-04-26 06:00:04', 1, '2020-04-26 06:00:04', 1, 0);

-- --------------------------------------------------------

--
-- Table structure for table `admin_menu_access`
--

CREATE TABLE `admin_menu_access` (
  `id` int(11) NOT NULL,
  `menu_id` int(11) NOT NULL COMMENT 'Foreign key: admin_menu.id',
  `admin_id` int(11) NOT NULL COMMENT 'Foreign key: admin.id',
  `created_at` timestamp NULL DEFAULT NULL,
  `created_by` int(11) NOT NULL,
  `updated_at` timestamp NULL DEFAULT NULL,
  `updated_by` int(11) NOT NULL,
  `deleted_at` timestamp NULL DEFAULT NULL,
  `deleted_by` int(11) NOT NULL,
  `valid` tinyint(1) NOT NULL
) ENGINE=InnoDB DEFAULT CHARSET=latin1;

--
-- Dumping data for table `admin_menu_access`
--

INSERT INTO `admin_menu_access` (`id`, `menu_id`, `admin_id`, `created_at`, `created_by`, `updated_at`, `updated_by`, `deleted_at`, `deleted_by`, `valid`) VALUES
(1, 1, 1, '2016-06-10 17:55:20', 1, '2016-06-10 17:55:20', 1, NULL, 0, 1),
(2, 3, 1, '2016-06-10 17:55:20', 1, '2016-06-10 17:55:20', 1, NULL, 0, 1),
(3, 4, 1, '2016-06-10 17:55:20', 1, '2016-06-10 17:55:20', 1, NULL, 0, 1),
(4, 2, 1, '2016-06-10 17:55:20', 1, '2016-06-10 17:55:20', 1, NULL, 0, 1),
(5, 5, 1, '2016-06-10 17:55:20', 1, '2016-06-10 17:55:20', 1, NULL, 0, 1),
(6, 6, 1, '2016-06-10 17:55:20', 1, '2016-06-10 17:55:20', 1, NULL, 0, 1),
(7, 10, 1, '2016-06-10 17:55:20', 1, '2016-06-10 17:55:20', 1, NULL, 0, 1),
(8, 11, 1, '2016-06-10 17:55:20', 1, '2016-06-10 17:55:20', 1, NULL, 0, 1),
(9, 12, 1, '2016-06-10 17:55:20', 1, '2016-06-10 17:55:20', 1, NULL, 0, 1),
(10, 13, 1, '2016-06-10 17:55:20', 1, '2016-06-10 17:55:20', 1, NULL, 0, 1),
(11, 14, 1, '2016-06-10 17:55:20', 1, '2016-06-10 17:55:20', 1, NULL, 0, 1),
(12, 8, 1, '2016-06-10 17:55:20', 1, '2016-06-10 17:55:20', 1, NULL, 0, 1),
(13, 15, 1, '2016-06-10 17:55:20', 1, '2016-06-10 17:55:20', 1, NULL, 0, 1),
(14, 16, 1, '2016-06-10 17:55:20', 1, '2016-06-10 17:55:20', 1, NULL, 0, 1),
(15, 17, 1, '2016-06-10 17:55:20', 1, '2016-06-10 17:55:20', 1, NULL, 0, 1),
(16, 18, 1, '2016-06-10 17:55:20', 1, '2016-06-10 17:55:20', 1, NULL, 0, 1),
(17, 19, 1, '2016-08-09 21:35:18', 1, '2016-08-09 21:35:18', 1, NULL, 0, 1),
(18, 20, 1, '2016-08-09 21:42:11', 1, '2016-08-09 21:42:11', 1, NULL, 0, 1),
(19, 21, 1, '2016-08-10 22:53:23', 1, '2016-08-10 22:53:23', 1, NULL, 0, 1),
(20, 22, 1, '2016-08-20 20:19:36', 1, '2016-08-20 20:19:36', 1, NULL, 0, 1),
(21, 23, 1, '2016-08-21 00:45:18', 1, '2016-08-21 00:45:18', 1, NULL, 0, 1),
(22, 25, 1, '2017-01-13 22:12:11', 1, '2017-01-13 22:12:11', 1, NULL, 0, 1),
(23, 26, 1, '2017-01-15 21:06:44', 1, '2017-01-15 21:06:44', 1, NULL, 0, 1),
(24, 27, 1, '2017-01-16 17:46:47', 1, '2017-01-16 17:46:47', 1, NULL, 0, 1),
(25, 28, 1, '2017-02-28 22:32:53', 1, '2017-02-28 22:32:53', 1, NULL, 0, 1),
(26, 1, 10, '2020-04-26 06:21:11', 1, '2020-04-26 06:21:15', 1, '2020-04-26 06:21:15', 1, 0);

-- --------------------------------------------------------

--
-- Table structure for table `chain`
--

CREATE TABLE `chain` (
  `id` int(11) NOT NULL,
  `type` tinyint(4) NOT NULL COMMENT '1=auto,0=manual',
  `cat_id` int(11) NOT NULL COMMENT 'Foreign Key: service_category\r\n.id',
  `chain` varchar(255) DEFAULT NULL,
  `created_at` timestamp NULL DEFAULT NULL,
  `created_by` int(11) NOT NULL,
  `created_by_type` tinyint(4) NOT NULL,
  `updated_at` timestamp NULL DEFAULT NULL,
  `updated_by` int(11) NOT NULL,
  `updated_by_type` tinyint(4) NOT NULL,
  `deleted_at` timestamp NULL DEFAULT NULL,
  `deleted_by` int(11) NOT NULL,
  `deleted_by_type` tinyint(4) NOT NULL,
  `project_id` int(11) NOT NULL,
  `valid` tinyint(1) NOT NULL
) ENGINE=InnoDB DEFAULT CHARSET=utf8mb4;

--
-- Dumping data for table `chain`
--

INSERT INTO `chain` (`id`, `type`, `cat_id`, `chain`, `created_at`, `created_by`, `created_by_type`, `updated_at`, `updated_by`, `updated_by_type`, `deleted_at`, `deleted_by`, `deleted_by_type`, `project_id`, `valid`) VALUES
(2, 1, 2, '[\"4\",\"1\",\"17\"]', '2021-02-06 23:18:22', 1, 2, '2021-02-07 04:23:18', 1, 2, NULL, 0, 0, 1, 1),
(3, 1, 1, '[\"1\"]', '2021-02-07 04:39:32', 1, 2, '2021-02-07 04:58:51', 1, 2, NULL, 0, 0, 1, 1),
(4, 0, 13, 'null', '2021-02-07 04:54:11', 1, 2, '2021-02-07 04:54:11', 1, 2, NULL, 0, 0, 1, 1);

-- --------------------------------------------------------

--
-- Table structure for table `department`
--

CREATE TABLE `department` (
  `id` int(11) NOT NULL,
  `name` varchar(255) NOT NULL,
  `comment` text NOT NULL,
  `created_at` timestamp NULL DEFAULT NULL,
  `created_by` int(11) NOT NULL,
  `created_by_type` tinyint(4) NOT NULL,
  `updated_at` timestamp NULL DEFAULT NULL,
  `updated_by` int(11) NOT NULL,
  `updated_by_type` tinyint(4) NOT NULL,
  `deleted_at` timestamp NULL DEFAULT NULL,
  `deleted_by` int(11) NOT NULL,
  `deleted_by_type` tinyint(4) NOT NULL,
  `project_id` int(11) NOT NULL,
  `valid` tinyint(1) NOT NULL
) ENGINE=InnoDB DEFAULT CHARSET=utf8mb4;

--
-- Dumping data for table `department`
--

INSERT INTO `department` (`id`, `name`, `comment`, `created_at`, `created_by`, `created_by_type`, `updated_at`, `updated_by`, `updated_by_type`, `deleted_at`, `deleted_by`, `deleted_by_type`, `project_id`, `valid`) VALUES
(1, 'arafat', 'fgfg', '2021-01-24 23:56:00', 1, 2, '2021-01-24 23:57:54', 1, 2, '2021-01-24 23:57:54', 1, 2, 1, 0),
(2, 'IT', 'N/A', '2021-01-24 23:57:59', 1, 2, '2021-01-25 00:23:14', 1, 2, NULL, 0, 0, 1, 1),
(3, 'HR', 'N/A', '2021-01-25 00:21:24', 1, 2, '2021-01-25 00:22:58', 1, 2, NULL, 0, 0, 1, 1);

-- --------------------------------------------------------

--
-- Table structure for table `employee_designation`
--

CREATE TABLE `employee_designation` (
  `id` int(11) NOT NULL,
  `name` varchar(255) NOT NULL,
  `grade` varchar(255) NOT NULL,
  `created_at` timestamp NULL DEFAULT NULL,
  `created_by` int(11) NOT NULL,
  `created_by_type` tinyint(4) NOT NULL,
  `updated_at` timestamp NULL DEFAULT NULL,
  `updated_by` int(11) NOT NULL,
  `updated_by_type` tinyint(4) NOT NULL,
  `deleted_at` timestamp NULL DEFAULT NULL,
  `deleted_by` int(11) NOT NULL,
  `deleted_by_type` tinyint(4) NOT NULL,
  `project_id` int(11) NOT NULL,
  `valid` tinyint(1) NOT NULL
) ENGINE=InnoDB DEFAULT CHARSET=utf8mb4;

--
-- Dumping data for table `employee_designation`
--

INSERT INTO `employee_designation` (`id`, `name`, `grade`, `created_at`, `created_by`, `created_by_type`, `updated_at`, `updated_by`, `updated_by_type`, `deleted_at`, `deleted_by`, `deleted_by_type`, `project_id`, `valid`) VALUES
(1, 'arafat', 'A+y', '2021-01-24 04:52:54', 1, 2, '2021-01-24 05:08:59', 1, 2, '2021-01-24 05:08:59', 1, 2, 1, 0),
(2, 'MD', 'ds', '2021-01-24 05:05:32', 1, 2, '2021-02-03 01:19:54', 1, 2, NULL, 0, 0, 1, 1),
(3, 'CEO', 'dshh', '2021-01-24 05:36:54', 1, 2, '2021-01-24 05:36:54', 1, 2, NULL, 0, 0, 1, 1),
(4, 'Head of HR', 'A-', '2021-01-24 23:11:43', 1, 2, '2021-02-03 22:30:58', 1, 2, NULL, 0, 0, 1, 1);

-- --------------------------------------------------------

--
-- Table structure for table `en_country`
--

CREATE TABLE `en_country` (
  `id` int(11) NOT NULL,
  `iso` char(2) CHARACTER SET latin1 NOT NULL,
  `name` varchar(80) NOT NULL,
  `country` varchar(80) NOT NULL,
  `iso3` char(3) CHARACTER SET latin1 DEFAULT NULL,
  `numcode` smallint(6) DEFAULT NULL
) ENGINE=InnoDB DEFAULT CHARSET=utf8 ROW_FORMAT=COMPACT;

--
-- Dumping data for table `en_country`
--

INSERT INTO `en_country` (`id`, `iso`, `name`, `country`, `iso3`, `numcode`) VALUES
(1, 'BD', 'BANGLADESH', 'Bangladesh', 'BGD', 50),
(2, 'AE', 'UNITED ARAB EMIRATES', 'United Arab Emirates', 'ARE', 784),
(3, 'AF', 'AFGHANISTAN', 'Afghanistan', 'AFG', 4),
(4, 'AG', 'ANTIGUA AND BARBUDA', 'Antigua and Barbuda', 'ATG', 28),
(5, 'AI', 'ANGUILLA', 'Anguilla', 'AIA', 660),
(6, 'AL', 'ALBANIA', 'Albania', 'ALB', 8),
(7, 'AM', 'ARMENIA', 'Armenia', 'ARM', 51),
(8, 'AN', 'NETHERLANDS ANTILLES', 'Netherlands Antilles', 'ANT', 530),
(9, 'AO', 'ANGOLA', 'Angola', 'AGO', 24),
(10, 'AQ', 'ANTARCTICA', 'Antarctica', NULL, NULL),
(11, 'AR', 'ARGENTINA', 'Argentina', 'ARG', 32),
(12, 'AS', 'AMERICAN SAMOA', 'American Samoa', 'ASM', 16),
(13, 'AT', 'AUSTRIA', 'Austria', 'AUT', 40),
(14, 'AU', 'AUSTRALIA', 'Australia', 'AUS', 36),
(15, 'AW', 'ARUBA', 'Aruba', 'ABW', 533),
(16, 'AZ', 'AZERBAIJAN', 'Azerbaijan', 'AZE', 31),
(17, 'BA', 'BOSNIA AND HERZEGOVINA', 'Bosnia and Herzegovina', 'BIH', 70),
(18, 'BB', 'BARBADOS', 'Barbados', 'BRB', 52),
(19, 'AD', 'ANDORRA', 'Andorra', 'AND', 20),
(20, 'BE', 'BELGIUM', 'Belgium', 'BEL', 56),
(21, 'BF', 'BURKINA FASO', 'Burkina Faso', 'BFA', 854),
(22, 'BG', 'BULGARIA', 'Bulgaria', 'BGR', 100),
(23, 'BH', 'BAHRAIN', 'Bahrain', 'BHR', 48),
(24, 'BI', 'BURUNDI', 'Burundi', 'BDI', 108),
(25, 'BJ', 'BENIN', 'Benin', 'BEN', 204),
(26, 'BM', 'BERMUDA', 'Bermuda', 'BMU', 60),
(27, 'BN', 'BRUNEI DARUSSALAM', 'Brunei Darussalam', 'BRN', 96),
(28, 'BO', 'BOLIVIA', 'Bolivia', 'BOL', 68),
(29, 'BR', 'BRAZIL', 'Brazil', 'BRA', 76),
(30, 'BS', 'BAHAMAS', 'Bahamas', 'BHS', 44),
(31, 'BT', 'BHUTAN', 'Bhutan', 'BTN', 64),
(32, 'BV', 'BOUVET ISLAND', 'Bouvet Island', NULL, NULL),
(33, 'BW', 'BOTSWANA', 'Botswana', 'BWA', 72),
(34, 'BY', 'BELARUS', 'Belarus', 'BLR', 112),
(35, 'BZ', 'BELIZE', 'Belize', 'BLZ', 84),
(36, 'CA', 'CANADA', 'Canada', 'CAN', 124),
(37, 'CC', 'COCOS (KEELING) ISLANDS', 'Cocos (Keeling) Islands', NULL, NULL),
(38, 'CD', 'CONGO, THE DEMOCRATIC REPUBLIC OF THE', 'Congo, the Democratic Republic of the', 'COD', 180),
(39, 'CF', 'CENTRAL AFRICAN REPUBLIC', 'Central African Republic', 'CAF', 140),
(40, 'CG', 'CONGO', 'Congo', 'COG', 178),
(41, 'CH', 'SWITZERLAND', 'Switzerland', 'CHE', 756),
(42, 'CI', 'COTE D\'IVOIRE', 'Cote D\'Ivoire', 'CIV', 384),
(43, 'CK', 'COOK ISLANDS', 'Cook Islands', 'COK', 184),
(44, 'CL', 'CHILE', 'Chile', 'CHL', 152),
(45, 'CM', 'CAMEROON', 'Cameroon', 'CMR', 120),
(46, 'CN', 'CHINA', 'China', 'CHN', 156),
(47, 'CO', 'COLOMBIA', 'Colombia', 'COL', 170),
(48, 'CR', 'COSTA RICA', 'Costa Rica', 'CRI', 188),
(49, 'CS', 'SERBIA AND MONTENEGRO', 'Serbia and Montenegro', NULL, NULL),
(50, 'CU', 'CUBA', 'Cuba', 'CUB', 192),
(51, 'CV', 'CAPE VERDE', 'Cape Verde', 'CPV', 132),
(52, 'CX', 'CHRISTMAS ISLAND', 'Christmas Island', NULL, NULL),
(53, 'CY', 'CYPRUS', 'Cyprus', 'CYP', 196),
(54, 'CZ', 'CZECH REPUBLIC', 'Czech Republic', 'CZE', 203),
(55, 'DE', 'GERMANY', 'Germany', 'DEU', 276),
(56, 'DJ', 'DJIBOUTI', 'Djibouti', 'DJI', 262),
(57, 'DK', 'DENMARK', 'Denmark', 'DNK', 208),
(58, 'DM', 'DOMINICA', 'Dominica', 'DMA', 212),
(59, 'DO', 'DOMINICAN REPUBLIC', 'Dominican Republic', 'DOM', 214),
(60, 'DZ', 'ALGERIA', 'Algeria', 'DZA', 12),
(61, 'EC', 'ECUADOR', 'Ecuador', 'ECU', 218),
(62, 'EE', 'ESTONIA', 'Estonia', 'EST', 233),
(63, 'EG', 'EGYPT', 'Egypt', 'EGY', 818),
(64, 'EH', 'WESTERN SAHARA', 'Western Sahara', 'ESH', 732),
(65, 'ER', 'ERITREA', 'Eritrea', 'ERI', 232),
(66, 'ES', 'SPAIN', 'Spain', 'ESP', 724),
(67, 'ET', 'ETHIOPIA', 'Ethiopia', 'ETH', 231),
(68, 'FI', 'FINLAND', 'Finland', 'FIN', 246),
(69, 'FJ', 'FIJI', 'Fiji', 'FJI', 242),
(70, 'FK', 'FALKLAND ISLANDS (MALVINAS)', 'Falkland Islands (Malvinas)', 'FLK', 238),
(71, 'FM', 'MICRONESIA, FEDERATED STATES OF', 'Micronesia, Federated States of', 'FSM', 583),
(72, 'FO', 'FAROE ISLANDS', 'Faroe Islands', 'FRO', 234),
(73, 'FR', 'FRANCE', 'France', 'FRA', 250),
(74, 'GA', 'GABON', 'Gabon', 'GAB', 266),
(75, 'GB', 'UNITED KINGDOM', 'United Kingdom', 'GBR', 826),
(76, 'GD', 'GRENADA', 'Grenada', 'GRD', 308),
(77, 'GE', 'GEORGIA', 'Georgia', 'GEO', 268),
(78, 'GF', 'FRENCH GUIANA', 'French Guiana', 'GUF', 254),
(79, 'GH', 'GHANA', 'Ghana', 'GHA', 288),
(80, 'GI', 'GIBRALTAR', 'Gibraltar', 'GIB', 292),
(81, 'GL', 'GREENLAND', 'Greenland', 'GRL', 304),
(82, 'GM', 'GAMBIA', 'Gambia', 'GMB', 270),
(83, 'GN', 'GUINEA', 'Guinea', 'GIN', 324),
(84, 'GP', 'GUADELOUPE', 'Guadeloupe', 'GLP', 312),
(85, 'GQ', 'EQUATORIAL GUINEA', 'Equatorial Guinea', 'GNQ', 226),
(86, 'GR', 'GREECE', 'Greece', 'GRC', 300),
(87, 'GS', 'SOUTH GEORGIA AND THE SOUTH SANDWICH ISLANDS', 'South Georgia and the South Sandwich Islands', NULL, NULL),
(88, 'GT', 'GUATEMALA', 'Guatemala', 'GTM', 320),
(89, 'GU', 'GUAM', 'Guam', 'GUM', 316),
(90, 'GW', 'GUINEA-BISSAU', 'Guinea-Bissau', 'GNB', 624),
(91, 'GY', 'GUYANA', 'Guyana', 'GUY', 328),
(92, 'HK', 'HONG KONG', 'Hong Kong', 'HKG', 344),
(93, 'HM', 'HEARD ISLAND AND MCDONALD ISLANDS', 'Heard Island and Mcdonald Islands', NULL, NULL),
(94, 'HN', 'HONDURAS', 'Honduras', 'HND', 340),
(95, 'HR', 'CROATIA', 'Croatia', 'HRV', 191),
(96, 'HT', 'HAITI', 'Haiti', 'HTI', 332),
(97, 'HU', 'HUNGARY', 'Hungary', 'HUN', 348),
(98, 'ID', 'INDONESIA', 'Indonesia', 'IDN', 360),
(99, 'IE', 'IRELAND', 'Ireland', 'IRL', 372),
(100, 'IL', 'ISRAEL', 'Israel', 'ISR', 376),
(101, 'IN', 'INDIA', 'India', 'IND', 356),
(102, 'IO', 'BRITISH INDIAN OCEAN TERRITORY', 'British Indian Ocean Territory', NULL, NULL),
(103, 'IQ', 'IRAQ', 'Iraq', 'IRQ', 368),
(104, 'IR', 'IRAN, ISLAMIC REPUBLIC OF', 'Iran, Islamic Republic of', 'IRN', 364),
(105, 'IS', 'ICELAND', 'Iceland', 'ISL', 352),
(106, 'IT', 'ITALY', 'Italy', 'ITA', 380),
(107, 'JM', 'JAMAICA', 'Jamaica', 'JAM', 388),
(108, 'JO', 'JORDAN', 'Jordan', 'JOR', 400),
(109, 'JP', 'JAPAN', 'Japan', 'JPN', 392),
(110, 'KE', 'KENYA', 'Kenya', 'KEN', 404),
(111, 'KG', 'KYRGYZSTAN', 'Kyrgyzstan', 'KGZ', 417),
(112, 'KH', 'CAMBODIA', 'Cambodia', 'KHM', 116),
(113, 'KI', 'KIRIBATI', 'Kiribati', 'KIR', 296),
(114, 'KM', 'COMOROS', 'Comoros', 'COM', 174),
(115, 'KN', 'SAINT KITTS AND NEVIS', 'Saint Kitts and Nevis', 'KNA', 659),
(116, 'KP', 'KOREA, DEMOCRATIC PEOPLE\'S REPUBLIC OF', 'Korea, Democratic People\'s Republic of', 'PRK', 408),
(117, 'KR', 'KOREA, REPUBLIC OF', 'Korea, Republic of', 'KOR', 410),
(118, 'KW', 'KUWAIT', 'Kuwait', 'KWT', 414),
(119, 'KY', 'CAYMAN ISLANDS', 'Cayman Islands', 'CYM', 136),
(120, 'KZ', 'KAZAKHSTAN', 'Kazakhstan', 'KAZ', 398),
(121, 'LA', 'LAO PEOPLE\'S DEMOCRATIC REPUBLIC', 'Lao People\'s Democratic Republic', 'LAO', 418),
(122, 'LB', 'LEBANON', 'Lebanon', 'LBN', 422),
(123, 'LC', 'SAINT LUCIA', 'Saint Lucia', 'LCA', 662),
(124, 'LI', 'LIECHTENSTEIN', 'Liechtenstein', 'LIE', 438),
(125, 'LK', 'SRI LANKA', 'Sri Lanka', 'LKA', 144),
(126, 'LR', 'LIBERIA', 'Liberia', 'LBR', 430),
(127, 'LS', 'LESOTHO', 'Lesotho', 'LSO', 426),
(128, 'LT', 'LITHUANIA', 'Lithuania', 'LTU', 440),
(129, 'LU', 'LUXEMBOURG', 'Luxembourg', 'LUX', 442),
(130, 'LV', 'LATVIA', 'Latvia', 'LVA', 428),
(131, 'LY', 'LIBYAN ARAB JAMAHIRIYA', 'Libyan Arab Jamahiriya', 'LBY', 434),
(132, 'MA', 'MOROCCO', 'Morocco', 'MAR', 504),
(133, 'MC', 'MONACO', 'Monaco', 'MCO', 492),
(134, 'MD', 'MOLDOVA, REPUBLIC OF', 'Moldova, Republic of', 'MDA', 498),
(135, 'MG', 'MADAGASCAR', 'Madagascar', 'MDG', 450),
(136, 'MH', 'MARSHALL ISLANDS', 'Marshall Islands', 'MHL', 584),
(137, 'MK', 'MACEDONIA, THE FORMER YUGOSLAV REPUBLIC OF', 'Macedonia, the Former Yugoslav Republic of', 'MKD', 807),
(138, 'ML', 'MALI', 'Mali', 'MLI', 466),
(139, 'MM', 'MYANMAR', 'Myanmar', 'MMR', 104),
(140, 'MN', 'MONGOLIA', 'Mongolia', 'MNG', 496),
(141, 'MO', 'MACAO', 'Macao', 'MAC', 446),
(142, 'MP', 'NORTHERN MARIANA ISLANDS', 'Northern Mariana Islands', 'MNP', 580),
(143, 'MQ', 'MARTINIQUE', 'Martinique', 'MTQ', 474),
(144, 'MR', 'MAURITANIA', 'Mauritania', 'MRT', 478),
(145, 'MS', 'MONTSERRAT', 'Montserrat', 'MSR', 500),
(146, 'MT', 'MALTA', 'Malta', 'MLT', 470),
(147, 'MU', 'MAURITIUS', 'Mauritius', 'MUS', 480),
(148, 'MV', 'MALDIVES', 'Maldives', 'MDV', 462),
(149, 'MW', 'MALAWI', 'Malawi', 'MWI', 454),
(150, 'MX', 'MEXICO', 'Mexico', 'MEX', 484),
(151, 'MY', 'MALAYSIA', 'Malaysia', 'MYS', 458),
(152, 'MZ', 'MOZAMBIQUE', 'Mozambique', 'MOZ', 508),
(153, 'NA', 'NAMIBIA', 'Namibia', 'NAM', 516),
(154, 'NC', 'NEW CALEDONIA', 'New Caledonia', 'NCL', 540),
(155, 'NE', 'NIGER', 'Niger', 'NER', 562),
(156, 'NF', 'NORFOLK ISLAND', 'Norfolk Island', 'NFK', 574),
(157, 'NG', 'NIGERIA', 'Nigeria', 'NGA', 566),
(158, 'NI', 'NICARAGUA', 'Nicaragua', 'NIC', 558),
(159, 'NL', 'NETHERLANDS', 'Netherlands', 'NLD', 528),
(160, 'NO', 'NORWAY', 'Norway', 'NOR', 578),
(161, 'NP', 'NEPAL', 'Nepal', 'NPL', 524),
(162, 'NR', 'NAURU', 'Nauru', 'NRU', 520),
(163, 'NU', 'NIUE', 'Niue', 'NIU', 570),
(164, 'NZ', 'NEW ZEALAND', 'New Zealand', 'NZL', 554),
(165, 'OM', 'OMAN', 'Oman', 'OMN', 512),
(166, 'PA', 'PANAMA', 'Panama', 'PAN', 591),
(167, 'PE', 'PERU', 'Peru', 'PER', 604),
(168, 'PF', 'FRENCH POLYNESIA', 'French Polynesia', 'PYF', 258),
(169, 'PG', 'PAPUA NEW GUINEA', 'Papua New Guinea', 'PNG', 598),
(170, 'PH', 'PHILIPPINES', 'Philippines', 'PHL', 608),
(171, 'PK', 'PAKISTAN', 'Pakistan', 'PAK', 586),
(172, 'PL', 'POLAND', 'Poland', 'POL', 616),
(173, 'PM', 'SAINT PIERRE AND MIQUELON', 'Saint Pierre and Miquelon', 'SPM', 666),
(174, 'PN', 'PITCAIRN', 'Pitcairn', 'PCN', 612),
(175, 'PR', 'PUERTO RICO', 'Puerto Rico', 'PRI', 630),
(176, 'PS', 'PALESTINIAN TERRITORY, OCCUPIED', 'Palestinian Territory, Occupied', NULL, NULL),
(177, 'PT', 'PORTUGAL', 'Portugal', 'PRT', 620),
(178, 'PW', 'PALAU', 'Palau', 'PLW', 585),
(179, 'PY', 'PARAGUAY', 'Paraguay', 'PRY', 600),
(180, 'QA', 'QATAR', 'Qatar', 'QAT', 634),
(181, 'RE', 'REUNION', 'Reunion', 'REU', 638),
(182, 'RO', 'ROMANIA', 'Romania', 'ROM', 642),
(183, 'RU', 'RUSSIAN FEDERATION', 'Russian Federation', 'RUS', 643),
(184, 'RW', 'RWANDA', 'Rwanda', 'RWA', 646),
(185, 'SA', 'SAUDI ARABIA', 'Saudi Arabia', 'SAU', 682),
(186, 'SB', 'SOLOMON ISLANDS', 'Solomon Islands', 'SLB', 90),
(187, 'SC', 'SEYCHELLES', 'Seychelles', 'SYC', 690),
(188, 'SD', 'SUDAN', 'Sudan', 'SDN', 736),
(189, 'SE', 'SWEDEN', 'Sweden', 'SWE', 752),
(190, 'SG', 'SINGAPORE', 'Singapore', 'SGP', 702),
(191, 'SH', 'SAINT HELENA', 'Saint Helena', 'SHN', 654),
(192, 'SI', 'SLOVENIA', 'Slovenia', 'SVN', 705),
(193, 'SJ', 'SVALBARD AND JAN MAYEN', 'Svalbard and Jan Mayen', 'SJM', 744),
(194, 'SK', 'SLOVAKIA', 'Slovakia', 'SVK', 703),
(195, 'SL', 'SIERRA LEONE', 'Sierra Leone', 'SLE', 694),
(196, 'SM', 'SAN MARINO', 'San Marino', 'SMR', 674),
(197, 'SN', 'SENEGAL', 'Senegal', 'SEN', 686),
(198, 'SO', 'SOMALIA', 'Somalia', 'SOM', 706),
(199, 'SR', 'SURINAME', 'Suriname', 'SUR', 740),
(200, 'ST', 'SAO TOME AND PRINCIPE', 'Sao Tome and Principe', 'STP', 678),
(201, 'SV', 'EL SALVADOR', 'El Salvador', 'SLV', 222),
(202, 'SY', 'SYRIAN ARAB REPUBLIC', 'Syrian Arab Republic', 'SYR', 760),
(203, 'SZ', 'SWAZILAND', 'Swaziland', 'SWZ', 748),
(204, 'TC', 'TURKS AND CAICOS ISLANDS', 'Turks and Caicos Islands', 'TCA', 796),
(205, 'TD', 'CHAD', 'Chad', 'TCD', 148),
(206, 'TF', 'FRENCH SOUTHERN TERRITORIES', 'French Southern Territories', NULL, NULL),
(207, 'TG', 'TOGO', 'Togo', 'TGO', 768),
(208, 'TH', 'THAILAND', 'Thailand', 'THA', 764),
(209, 'TJ', 'TAJIKISTAN', 'Tajikistan', 'TJK', 762),
(210, 'TK', 'TOKELAU', 'Tokelau', 'TKL', 772),
(211, 'TL', 'TIMOR-LESTE', 'Timor-Leste', NULL, NULL),
(212, 'TM', 'TURKMENISTAN', 'Turkmenistan', 'TKM', 795),
(213, 'TN', 'TUNISIA', 'Tunisia', 'TUN', 788),
(214, 'TO', 'TONGA', 'Tonga', 'TON', 776),
(215, 'TR', 'TURKEY', 'Turkey', 'TUR', 792),
(216, 'TT', 'TRINIDAD AND TOBAGO', 'Trinidad and Tobago', 'TTO', 780),
(217, 'TV', 'TUVALU', 'Tuvalu', 'TUV', 798),
(218, 'TW', 'TAIWAN, PROVINCE OF CHINA', 'Taiwan, Province of China', 'TWN', 158),
(219, 'TZ', 'TANZANIA, UNITED REPUBLIC OF', 'Tanzania, United Republic of', 'TZA', 834),
(220, 'UA', 'UKRAINE', 'Ukraine', 'UKR', 804),
(221, 'UG', 'UGANDA', 'Uganda', 'UGA', 800),
(222, 'UM', 'UNITED STATES MINOR OUTLYING ISLANDS', 'United States Minor Outlying Islands', NULL, NULL),
(223, 'US', 'UNITED STATES', 'United States', 'USA', 840),
(224, 'UY', 'URUGUAY', 'Uruguay', 'URY', 858),
(225, 'UZ', 'UZBEKISTAN', 'Uzbekistan', 'UZB', 860),
(226, 'VA', 'HOLY SEE (VATICAN CITY STATE)', 'Holy See (Vatican City State)', 'VAT', 336),
(227, 'VC', 'SAINT VINCENT AND THE GRENADINES', 'Saint Vincent and the Grenadines', 'VCT', 670),
(228, 'VE', 'VENEZUELA', 'Venezuela', 'VEN', 862),
(229, 'VG', 'VIRGIN ISLANDS, BRITISH', 'Virgin Islands, British', 'VGB', 92),
(230, 'VI', 'VIRGIN ISLANDS, U.S.', 'Virgin Islands, U.s.', 'VIR', 850),
(231, 'VN', 'VIET NAM', 'Viet Nam', 'VNM', 704),
(232, 'VU', 'VANUATU', 'Vanuatu', 'VUT', 548),
(233, 'WF', 'WALLIS AND FUTUNA', 'Wallis and Futuna', 'WLF', 876),
(234, 'WS', 'SAMOA', 'Samoa', 'WSM', 882),
(235, 'YE', 'YEMEN', 'Yemen', 'YEM', 887),
(236, 'YT', 'MAYOTTE', 'Mayotte', NULL, NULL),
(237, 'ZA', 'SOUTH AFRICA', 'South Africa', 'ZAF', 710),
(238, 'ZM', 'ZAMBIA', 'Zambia', 'ZMB', 894),
(239, 'ZW', 'ZIMBABWE', 'Zimbabwe', 'ZWE', 716),
(240, 'TC', 'Testsss', 'Test', 'Tc', 22);

-- --------------------------------------------------------

--
-- Table structure for table `en_currency`
--

CREATE TABLE `en_currency` (
  `id` int(11) NOT NULL,
  `currency_name` varchar(50) CHARACTER SET utf8 NOT NULL,
  `html_code` varchar(50) NOT NULL
) ENGINE=InnoDB DEFAULT CHARSET=latin1;

--
-- Dumping data for table `en_currency`
--

INSERT INTO `en_currency` (`id`, `currency_name`, `html_code`) VALUES
(1, 'BDT', '&#2547;'),
(2, 'Dollar', '&#36;'),
(3, 'Pound', '&#163;'),
(4, 'Euro', '&#128;');

-- --------------------------------------------------------

--
-- Table structure for table `en_email_notification_configuration`
--

CREATE TABLE `en_email_notification_configuration` (
  `id` int(11) NOT NULL,
  `course_completion_notification_passed_duration` tinyint(4) NOT NULL COMMENT 'Notification send when course duration passed (%)',
  `course_completed_less_than` tinyint(4) NOT NULL COMMENT '(%)',
  `course_enrollment_notification_passed_duration` tinyint(4) NOT NULL COMMENT 'Notification send when course duration passed (%)',
  `created_at` timestamp NULL DEFAULT NULL,
  `created_by` int(11) NOT NULL,
  `updated_at` timestamp NULL DEFAULT NULL,
  `updated_by` int(11) NOT NULL,
  `deleted_at` timestamp NULL DEFAULT NULL,
  `deleted_by` int(11) NOT NULL,
  `project_id` int(11) NOT NULL,
  `valid` tinyint(1) NOT NULL
) ENGINE=InnoDB DEFAULT CHARSET=latin1;

--
-- Dumping data for table `en_email_notification_configuration`
--

INSERT INTO `en_email_notification_configuration` (`id`, `course_completion_notification_passed_duration`, `course_completed_less_than`, `course_enrollment_notification_passed_duration`, `created_at`, `created_by`, `updated_at`, `updated_by`, `deleted_at`, `deleted_by`, `project_id`, `valid`) VALUES
(1, 2, 1, 4, '2020-04-27 06:13:39', 1, '2020-04-27 06:13:39', 1, NULL, 0, 1, 1);

-- --------------------------------------------------------

--
-- Table structure for table `en_email_notification_history`
--

CREATE TABLE `en_email_notification_history` (
  `id` int(11) NOT NULL,
  `email_subject` varchar(300) CHARACTER SET utf8 NOT NULL,
  `email_to` varchar(100) NOT NULL COMMENT 'Email',
  `notify_reason` tinyint(4) NOT NULL COMMENT '1=Enrollment Notify, 2=Course Completion Notify',
  `notify_reason_id` int(11) NOT NULL COMMENT 'Notify 1: inveter_id, Notify 2: enroll_id',
  `sent_status` tinyint(1) NOT NULL COMMENT '1=Sent, 0=Failed',
  `mail_response` text NOT NULL,
  `sending_date` timestamp NULL DEFAULT NULL
) ENGINE=InnoDB DEFAULT CHARSET=latin1;

-- --------------------------------------------------------

--
-- Table structure for table `en_payment_failed`
--

CREATE TABLE `en_payment_failed` (
  `id` int(11) NOT NULL,
  `tran_id` bigint(15) NOT NULL,
  `course_id` int(11) NOT NULL COMMENT 'Foreign key: en_course_master.id',
  `trainee_id` int(11) NOT NULL,
  `payment_gateway` tinyint(4) NOT NULL COMMENT '1=SSL Comerz, 2=2 Check Out',
  `failed_reason` tinyint(4) NOT NULL COMMENT '1=Failed to connect with SSLCOMMERZ, 2=Transaction Failed, 3=Failed Data Tempered, 4=Failed Amount Tempered ',
  `payment_response` text CHARACTER SET utf8 NOT NULL COMMENT 'Serialize Array (Response Value from SSL Comerz or 2 Check Out)',
  `created_at` timestamp NULL DEFAULT NULL,
  `created_by` int(11) NOT NULL,
  `updated_at` timestamp NULL DEFAULT NULL,
  `updated_by` int(11) NOT NULL,
  `deleted_at` timestamp NULL DEFAULT NULL,
  `deleted_by` int(11) NOT NULL,
  `project_id` int(11) NOT NULL,
  `valid` tinyint(1) NOT NULL
) ENGINE=InnoDB DEFAULT CHARSET=latin1;

-- --------------------------------------------------------

--
-- Table structure for table `en_payment_success`
--

CREATE TABLE `en_payment_success` (
  `id` int(11) NOT NULL,
  `tran_id` bigint(15) NOT NULL,
  `course_id` int(11) NOT NULL COMMENT 'Foreign key: en_course_master.id',
  `enroll_id` int(11) NOT NULL COMMENT 'Foreign key: en_course_enrolled.id',
  `trainee_id` int(11) NOT NULL,
  `amount` float(11,2) NOT NULL,
  `store_amount` float(11,2) NOT NULL,
  `currency` tinyint(4) NOT NULL COMMENT '1=BDT, 2=USD',
  `payment_gateway` tinyint(4) NOT NULL COMMENT '1=SSL Comerz, 2=2 Check Out',
  `payment_method` varchar(111) NOT NULL COMMENT 'Bank or Method Name',
  `post_return` text CHARACTER SET utf8 NOT NULL COMMENT 'Serialize Array (Return Post Value from SSL Comerz)',
  `payment_response` text CHARACTER SET utf8 NOT NULL COMMENT 'Serialize Array (Response Value from SSL Comerz or 2 Check Out)',
  `created_at` timestamp NULL DEFAULT NULL,
  `created_by` int(11) NOT NULL,
  `updated_at` timestamp NULL DEFAULT NULL,
  `updated_by` int(11) NOT NULL,
  `deleted_at` timestamp NULL DEFAULT NULL,
  `deleted_by` int(11) NOT NULL,
  `project_id` int(11) NOT NULL,
  `valid` tinyint(1) NOT NULL
) ENGINE=InnoDB DEFAULT CHARSET=latin1;

-- --------------------------------------------------------

--
-- Table structure for table `en_payment_temp`
--

CREATE TABLE `en_payment_temp` (
  `id` int(11) NOT NULL,
  `tran_id` bigint(15) NOT NULL COMMENT 'Payment Transaction Id',
  `course_id` int(11) NOT NULL COMMENT 'Foreign key: en_course_master.id',
  `trainee_id` int(11) NOT NULL,
  `local_amount` float(11,2) NOT NULL,
  `foreign_amount` float(11,2) NOT NULL,
  `post_return` text CHARACTER SET utf8 NOT NULL COMMENT 'Serialize Array (Return Post Value from SSL Comerz)',
  `work_status` tinyint(1) NOT NULL COMMENT '1=Worked, 0=Not Worked',
  `created_at` timestamp NULL DEFAULT NULL,
  `created_by` int(11) NOT NULL,
  `updated_at` timestamp NULL DEFAULT NULL,
  `updated_by` int(11) NOT NULL,
  `deleted_at` timestamp NULL DEFAULT NULL,
  `deleted_by` int(11) NOT NULL,
  `project_id` int(11) NOT NULL,
  `valid` tinyint(1) NOT NULL
) ENGINE=InnoDB DEFAULT CHARSET=latin1;

--
-- Dumping data for table `en_payment_temp`
--

INSERT INTO `en_payment_temp` (`id`, `tran_id`, `course_id`, `trainee_id`, `local_amount`, `foreign_amount`, `post_return`, `work_status`, `created_at`, `created_by`, `updated_at`, `updated_by`, `deleted_at`, `deleted_by`, `project_id`, `valid`) VALUES
(1, 100001, 116, 3, 500.00, 0.00, '', 0, '2019-08-22 05:24:04', 3, '2019-08-22 05:24:04', 3, NULL, 0, 1, 1),
(2, 100002, 274, 3, 500.00, 0.00, '', 0, '2019-10-07 11:36:33', 3, '2019-10-07 11:36:33', 3, NULL, 0, 1, 1);

-- --------------------------------------------------------

--
-- Table structure for table `en_provider_designation`
--

CREATE TABLE `en_provider_designation` (
  `id` int(11) NOT NULL,
  `name` varchar(50) CHARACTER SET utf8 NOT NULL,
  `grade` varchar(50) CHARACTER SET utf8 NOT NULL,
  `created_at` timestamp NULL DEFAULT NULL,
  `created_by` int(11) NOT NULL,
  `created_by_type` tinyint(4) NOT NULL COMMENT '1=Admin, 2=Provider',
  `updated_at` timestamp NULL DEFAULT NULL,
  `updated_by` int(11) NOT NULL,
  `updated_by_type` tinyint(4) NOT NULL COMMENT '1=Admin, 2=Provider',
  `deleted_at` timestamp NULL DEFAULT NULL,
  `deleted_by` int(11) NOT NULL,
  `deleted_by_type` tinyint(4) NOT NULL COMMENT '1=Admin, 2=Provider',
  `project_id` int(11) NOT NULL,
  `valid` tinyint(1) NOT NULL
) ENGINE=InnoDB DEFAULT CHARSET=latin1 ROW_FORMAT=COMPACT;

--
-- Dumping data for table `en_provider_designation`
--

INSERT INTO `en_provider_designation` (`id`, `name`, `grade`, `created_at`, `created_by`, `created_by_type`, `updated_at`, `updated_by`, `updated_by_type`, `deleted_at`, `deleted_by`, `deleted_by_type`, `project_id`, `valid`) VALUES
(1, 'CEO', 'A', '2019-01-27 10:23:54', 1, 1, '2019-01-27 10:23:54', 1, 1, NULL, 0, 0, 1, 1),
(4, 'Web Developer (Laravel & React js)', '', '2020-04-26 03:31:14', 1, 1, '2020-04-26 03:31:14', 1, 1, NULL, 0, 0, 10, 1),
(5, 'Jhon', 'C', '2020-04-26 06:14:08', 1, 1, '2020-04-26 06:14:29', 1, 1, '2020-04-26 06:14:29', 1, 1, 1, 0);

-- --------------------------------------------------------

--
-- Table structure for table `en_provider_mail_configuration`
--

CREATE TABLE `en_provider_mail_configuration` (
  `id` int(11) NOT NULL,
  `mail_from_email` varchar(100) NOT NULL,
  `mail_from_name` varchar(200) NOT NULL,
  `mail_protocal` tinyint(2) NOT NULL COMMENT '1=SMTP, 2=Mail',
  `smtp_hostname` varchar(200) NOT NULL,
  `smtp_username` varchar(100) NOT NULL,
  `smtp_password` varchar(100) NOT NULL,
  `smtp_port` int(11) NOT NULL,
  `smtp_secure` varchar(20) NOT NULL COMMENT 'ssl, tls',
  `assign_to` int(11) NOT NULL COMMENT 'Foreign Key: en_provider_user.id, 0=Project',
  `created_at` timestamp NULL DEFAULT NULL,
  `created_by` int(11) NOT NULL,
  `created_by_type` tinyint(4) NOT NULL COMMENT '1=Admin, 2=User',
  `updated_at` timestamp NULL DEFAULT NULL,
  `updated_by` int(11) NOT NULL,
  `updated_by_type` tinyint(4) NOT NULL COMMENT '1=Admin, 2=User',
  `deleted_at` timestamp NULL DEFAULT NULL,
  `deleted_by` int(11) NOT NULL,
  `deleted_by_type` int(11) NOT NULL COMMENT '1=Admin, 2=User',
  `project_id` int(11) NOT NULL,
  `valid` tinyint(1) NOT NULL
) ENGINE=InnoDB DEFAULT CHARSET=latin1 ROW_FORMAT=COMPACT;

-- --------------------------------------------------------

--
-- Table structure for table `en_provider_user`
--

CREATE TABLE `en_provider_user` (
  `id` int(10) NOT NULL,
  `project_id` int(11) NOT NULL,
  `name` varchar(255) COLLATE utf8_unicode_ci NOT NULL,
  `email` varchar(255) COLLATE utf8_unicode_ci NOT NULL,
  `password` varchar(100) COLLATE utf8_unicode_ci NOT NULL,
  `remember_token` varchar(100) COLLATE utf8_unicode_ci DEFAULT NULL,
  `auth_code` bigint(20) NOT NULL COMMENT 'For External Login API',
  `auth_key` varchar(100) COLLATE utf8_unicode_ci NOT NULL COMMENT 'For general API',
  `secret_key` varchar(100) COLLATE utf8_unicode_ci NOT NULL COMMENT 'For general API',
  `timezone` varchar(111) COLLATE utf8_unicode_ci NOT NULL COMMENT 'timezones.value',
  `timezone_id` int(11) NOT NULL COMMENT 'Foreign key: timezones.id',
  `email_verified` tinyint(1) NOT NULL COMMENT '1=Yes, 0=No',
  `verification_code` varchar(111) COLLATE utf8_unicode_ci NOT NULL,
  `created_at` timestamp NULL DEFAULT NULL,
  `created_by` int(11) NOT NULL,
  `created_by_type` tinyint(4) NOT NULL COMMENT '1=Admin, 2=User',
  `updated_at` timestamp NULL DEFAULT NULL,
  `updated_by` int(11) NOT NULL,
  `updated_by_type` tinyint(4) NOT NULL COMMENT '1=Admin, 2=User',
  `deleted_at` timestamp NULL DEFAULT NULL,
  `deleted_by` int(11) NOT NULL,
  `deleted_by_type` int(11) NOT NULL COMMENT '1=Admin, 2=User',
  `status` varchar(30) COLLATE utf8_unicode_ci NOT NULL,
  `valid` tinyint(4) NOT NULL
) ENGINE=InnoDB DEFAULT CHARSET=utf8 COLLATE=utf8_unicode_ci ROW_FORMAT=COMPACT;

--
-- Dumping data for table `en_provider_user`
--

INSERT INTO `en_provider_user` (`id`, `project_id`, `name`, `email`, `password`, `remember_token`, `auth_code`, `auth_key`, `secret_key`, `timezone`, `timezone_id`, `email_verified`, `verification_code`, `created_at`, `created_by`, `created_by_type`, `updated_at`, `updated_by`, `updated_by_type`, `deleted_at`, `deleted_by`, `deleted_by_type`, `status`, `valid`) VALUES
(1, 1, 'Anas Bin Ahmed', 'development@iisbd.com', '$2y$10$x/ImfXYb.qOFZ1pvn9XZTuPsaN7F2xMlYhK34bhNyy6t5/TIjNCCe', 'UWAOLelGDreLfQWmgIZeCJomHasB2SZL2TjHl1A4KrwQpu6AFgZwYTMhogij', 0, '5c4d935cc22d1013080211', '70ae440da849fe74e08bc0844b118479', 'Asia/Tbilisi', 87, 1, 'ISJdC1548587868dIrmh', '2019-01-27 11:17:48', 1, 1, '2021-02-04 00:00:25', 1, 1, NULL, 0, 0, 'Active', 1),
(4, 1, 'Rudra Sen', 'rudra@gmail.com', '$2y$10$x/ImfXYb.qOFZ1pvn9XZTuPsaN7F2xMlYhK34bhNyy6t5/TIjNCCe', 'MUjJ97qBmNV1lMHpVJLpyZ7GR3kTnOZUwOUYGGvGQBDCyc0SfHE7W1XoZfXN', 0, '5ea554e2a2478299718949', '58fdb32795ec4bc0752839391f293660', 'Pacific/Samoa', 2, 1, 'myqI91587893474ftaEG', '2020-04-26 03:31:14', 1, 1, '2021-01-30 03:53:41', 1, 1, NULL, 0, 0, 'Active', 1),
(17, 1, 'Arafatul Rahman', 'admin@gmail.com', '$2y$10$x/ImfXYb.qOFZ1pvn9XZTuPsaN7F2xMlYhK34bhNyy6t5/TIjNCCe', NULL, 0, '600e6277e6f27366251717', 'f0a1bc2d768374005a1247b5bd389fcd', 'America/Chihuahua', 8, 1, 'PNvYy16115554477fNcQ', '2021-01-25 00:17:27', 1, 1, '2021-01-30 03:54:00', 1, 1, NULL, 0, 0, 'Active', 1);

-- --------------------------------------------------------

--
-- Table structure for table `en_provider_user_info`
--

CREATE TABLE `en_provider_user_info` (
  `id` int(11) NOT NULL,
  `emp_id` varchar(50) NOT NULL,
  `user_id` int(11) NOT NULL COMMENT 'Foreign Key: en_provider_user.id',
  `name` varchar(255) CHARACTER SET utf8 DEFAULT NULL,
  `surname` varchar(50) CHARACTER SET utf8 NOT NULL,
  `department_id` int(11) NOT NULL,
  `designation` int(11) NOT NULL COMMENT 'Foreign Key: employee_designation.id',
  `job_area` int(11) NOT NULL COMMENT 'Foreign key:  crm_job_area.id',
  `about` text CHARACTER SET utf8 NOT NULL,
  `address` text CHARACTER SET utf8 NOT NULL,
  `mobile` varchar(33) CHARACTER SET utf8 NOT NULL,
  `office_phone` varchar(33) CHARACTER SET utf8 NOT NULL,
  `fax` varchar(33) CHARACTER SET utf8 NOT NULL,
  `age` varchar(33) CHARACTER SET utf8 NOT NULL,
  `gender` tinyint(1) NOT NULL COMMENT '1=Male, 2=Female',
  `image` varchar(33) NOT NULL,
  `report_to` int(11) NOT NULL COMMENT 'Foreign Key: users.id',
  `team_members` longtext NOT NULL COMMENT 'Comma Separation (Only User''s under team)',
  `created_at` timestamp NULL DEFAULT NULL,
  `created_by` int(11) NOT NULL,
  `created_by_type` tinyint(4) NOT NULL COMMENT '1=Admin, 2=User',
  `updated_at` timestamp NULL DEFAULT NULL,
  `updated_by` int(11) NOT NULL,
  `updated_by_type` tinyint(4) NOT NULL COMMENT '1=Admin, 2=User',
  `deleted_at` timestamp NULL DEFAULT NULL,
  `deleted_by` int(11) NOT NULL,
  `deleted_by_type` tinyint(4) NOT NULL COMMENT '1=Admin, 2=User',
  `project_id` int(11) NOT NULL,
  `valid` tinyint(1) NOT NULL
) ENGINE=InnoDB DEFAULT CHARSET=latin1 ROW_FORMAT=COMPACT;

--
-- Dumping data for table `en_provider_user_info`
--

INSERT INTO `en_provider_user_info` (`id`, `emp_id`, `user_id`, `name`, `surname`, `department_id`, `designation`, `job_area`, `about`, `address`, `mobile`, `office_phone`, `fax`, `age`, `gender`, `image`, `report_to`, `team_members`, `created_at`, `created_by`, `created_by_type`, `updated_at`, `updated_by`, `updated_by_type`, `deleted_at`, `deleted_by`, `deleted_by_type`, `project_id`, `valid`) VALUES
(1, '00001', 1, 'Anas Bin Ahmed', 'ahmed', 3, 2, 0, '454545434343434343434', 'q', '45454545', '54545', 'q', '23', 1, '1612420968.jpeg', 0, '', '2019-01-27 11:17:48', 1, 1, '2021-02-04 00:42:49', 1, 1, NULL, 0, 0, 1, 1),
(3, '00001', 4, 'Rudra Sen', '', 3, 4, 0, '', '', '', '', '', '', 0, '', 0, '', '2020-04-26 03:31:14', 1, 1, '2021-01-30 03:53:41', 1, 1, NULL, 0, 0, 1, 1),
(14, '00006', 17, 'Arafatul Rahman', 'arafat', 3, 4, 0, '', '', '', '', '', '', 0, '', 0, '', '2021-01-25 00:17:27', 1, 1, '2021-01-30 03:54:00', 1, 1, NULL, 0, 0, 1, 1);

-- --------------------------------------------------------

--
-- Table structure for table `en_social_media_configuration`
--

CREATE TABLE `en_social_media_configuration` (
  `id` int(11) NOT NULL,
  `facebook` tinyint(4) NOT NULL COMMENT '1=Yes, 0=No',
  `twitter` tinyint(4) NOT NULL COMMENT '1=Yes, 0=No',
  `google_plus` tinyint(4) NOT NULL COMMENT '1=Yes, 0=No',
  `linkedin` tinyint(4) NOT NULL COMMENT '1=Yes, 0=No',
  `pinterest` tinyint(4) NOT NULL COMMENT '1=Yes, 0=No'
) ENGINE=InnoDB DEFAULT CHARSET=latin1;

--
-- Dumping data for table `en_social_media_configuration`
--

INSERT INTO `en_social_media_configuration` (`id`, `facebook`, `twitter`, `google_plus`, `linkedin`, `pinterest`) VALUES
(1, 1, 1, 1, 1, 1);

-- --------------------------------------------------------

--
-- Table structure for table `en_users`
--

CREATE TABLE `en_users` (
  `id` int(10) NOT NULL,
  `project_id` int(11) NOT NULL,
  `corporate_id` int(11) DEFAULT NULL COMMENT 'Foreign Key:en_corporate_account.id',
  `content_manager_id` int(11) NOT NULL COMMENT 'Foreign key:en_content_manager_account.id',
  `classroom_id` int(11) DEFAULT 0 COMMENT 'Foreign key = en_classroom_account.id',
  `social_provider` varchar(191) COLLATE utf8_unicode_ci DEFAULT NULL COMMENT 'Social auth provider',
  `social_provider_id` varchar(191) COLLATE utf8_unicode_ci DEFAULT NULL COMMENT 'Social auth provider id',
  `is_registered` tinyint(4) NOT NULL COMMENT '0=deactive, 1=active',
  `type` tinyint(4) NOT NULL COMMENT '1=Trainee, 2=Corporate, 3=Corporate+Trainee, 4=Classroom+Trainee',
  `is_trainee` tinyint(1) NOT NULL COMMENT '1=Yes, 0=No',
  `is_teacher` tinyint(1) NOT NULL COMMENT '1=Yes, 0=No',
  `is_corporate` tinyint(1) NOT NULL COMMENT '1=Yes, 0=No',
  `is_content_manager` tinyint(1) NOT NULL COMMENT '1=Yes, 0=No',
  `is_classroom` tinyint(4) NOT NULL COMMENT '1=Yes, 0=No',
  `contact_person_status` tinyint(4) NOT NULL COMMENT '1=Yes, 0=No',
  `name` varchar(255) COLLATE utf8_unicode_ci NOT NULL,
  `surname` varchar(50) COLLATE utf8_unicode_ci NOT NULL,
  `image` varchar(33) COLLATE utf8_unicode_ci NOT NULL,
  `email` varchar(255) COLLATE utf8_unicode_ci NOT NULL,
  `password` varchar(100) COLLATE utf8_unicode_ci NOT NULL,
  `remember_token` varchar(100) COLLATE utf8_unicode_ci DEFAULT NULL,
  `auth_code` bigint(20) NOT NULL COMMENT 'For External Login API',
  `auth_key` varchar(100) COLLATE utf8_unicode_ci NOT NULL COMMENT 'For general API',
  `secret_key` varchar(100) COLLATE utf8_unicode_ci NOT NULL COMMENT 'For general API',
  `timezone` varchar(111) COLLATE utf8_unicode_ci NOT NULL COMMENT 'timezones.value',
  `timezone_id` int(11) NOT NULL COMMENT 'Foreign key: timezones.id',
  `email_verified` tinyint(1) NOT NULL COMMENT '1=Yes, 0=No',
  `verification_code` varchar(111) COLLATE utf8_unicode_ci NOT NULL,
  `created_at` timestamp NULL DEFAULT NULL,
  `created_by` int(11) NOT NULL,
  `created_by_type` tinyint(4) NOT NULL COMMENT '1=Admin, 2=User',
  `updated_at` timestamp NULL DEFAULT NULL,
  `updated_by` int(11) NOT NULL,
  `updated_by_type` tinyint(4) NOT NULL COMMENT '1=Admin, 2=User',
  `deleted_at` timestamp NULL DEFAULT NULL,
  `deleted_by` int(11) NOT NULL,
  `deleted_by_type` int(11) NOT NULL COMMENT '1=Admin, 2=User',
  `status` varchar(30) COLLATE utf8_unicode_ci NOT NULL,
  `valid` tinyint(4) NOT NULL
) ENGINE=InnoDB DEFAULT CHARSET=utf8 COLLATE=utf8_unicode_ci ROW_FORMAT=COMPACT;

--
-- Dumping data for table `en_users`
--

INSERT INTO `en_users` (`id`, `project_id`, `corporate_id`, `content_manager_id`, `classroom_id`, `social_provider`, `social_provider_id`, `is_registered`, `type`, `is_trainee`, `is_teacher`, `is_corporate`, `is_content_manager`, `is_classroom`, `contact_person_status`, `name`, `surname`, `image`, `email`, `password`, `remember_token`, `auth_code`, `auth_key`, `secret_key`, `timezone`, `timezone_id`, `email_verified`, `verification_code`, `created_at`, `created_by`, `created_by_type`, `updated_at`, `updated_by`, `updated_by_type`, `deleted_at`, `deleted_by`, `deleted_by_type`, `status`, `valid`) VALUES
(1, 1, 0, 1, 0, NULL, NULL, 1, 1, 1, 0, 0, 1, 0, 1, 'Md. Rafikul Islam', '', '1561269711.png', 'rafikul351016@gmail.com', '$2y$10$I9lo3as5wNiijbGLfC3Ip.lDlcuxHoZXynAgLTBmpBtbJpzwCrddm', '4QhXkEXBQLDvF89p9hkiHUHlXnYIoFtsLoDYf6WYrEry3AhQw8KkEhi7ayvd', 0, '5c4d945c9eec2325790317', '14afc1a43640ff8d474c2d9f96b410fa', '', 0, 1, 'SDm3y155893644418Uv2', '2019-01-27 11:22:04', 0, 0, '2019-12-05 09:21:08', 0, 0, NULL, 0, 0, 'Active', 1),
(2, 1, 0, 2, 2, NULL, NULL, 0, 4, 1, 1, 0, 1, 1, 1, 'Shere Ali Khan', '', '1557989798.png', 'shere0991@gmail.com', '$2y$10$D8GL0c4IZFfbnWGXOfK2eOOYJ2DYyx1eDWuybQeDD8mOo/VvdUa06', 'a2tLCIoHF41Ph71g1iV8yWNpYIEIRaty12TyO8g9Cd801KfNFB9B3dMClL4U', 0, '5c4e9cb164ee7699282267', '21bc507fd9833c460a38af8e2af06b78', '', 0, 1, 'nQkM21548655793D7CGF', '2019-01-28 06:09:53', 0, 0, '2019-09-03 09:00:36', 0, 0, NULL, 0, 0, 'Active', 1),
(3, 1, 1, 3, 1, NULL, NULL, 0, 4, 1, 1, 1, 1, 1, 1, 'Md. Hiron Mollik', '', '1564986712.png', 'prog.mdhiron@gmail.com', '$2y$10$D8GL0c4IZFfbnWGXOfK2eOOYJ2DYyx1eDWuybQeDD8mOo/VvdUa06', 'ShNpKd88QXJ5cXIcFxVpydYN7JAqc5QaEDsD0fH3HqhlaVsBh2j5RcoCL1gR', 0, '5c4ed77b88167251398825', 'd5253b3b2b3d5536524f01c634a246e3', '', 0, 1, 'iYz4s15486708435SwOX', '2019-01-28 10:20:43', 0, 0, '2019-11-16 12:04:43', 3, 3, NULL, 0, 0, 'Active', 1),
(7, 1, 1, 0, 0, NULL, NULL, 0, 3, 1, 0, 1, 0, 0, 0, 'Sagor', '', '', 'engr.mdhiron@gmail.com', '$2y$10$D8GL0c4IZFfbnWGXOfK2eOOYJ2DYyx1eDWuybQeDD8mOo/VvdUa06', 'dNdFAwSMFE4ubShS2c1jxWvMYnBV1q8tyzf3tZkdMU6X1mPl6J1YFswf8r4K', 0, '5ce270f34f588923626922', '579885170b21f7a422b1909dede4ae6a', 'America/Tijuana', 6, 1, '3E8Gp1558343923aRmrY', '2019-05-20 09:18:43', 3, 3, '2019-11-16 13:08:20', 3, 3, NULL, 0, 0, 'Active', 1),
(8, 1, 2, 0, 0, NULL, NULL, 0, 3, 1, 0, 1, 0, 0, 0, 'Anas Ali', '', '', 'anas@gmail.com', '', NULL, 0, '5d00da9278f28598118863', '9f8e2fa51d6690150d1a4f885ecd63d9', 'Asia/Dhaka', 101, 0, '4xsSG1560337042cvnSD', '2019-06-12 10:57:22', 3, 3, '2019-06-12 10:57:22', 3, 3, NULL, 0, 0, 'Active', 1),
(9, 1, 2, 0, 0, NULL, NULL, 0, 3, 1, 0, 1, 0, 0, 1, 'Redoyan Roni', '', '', 'redoyan@gmail.com', '', NULL, 0, '5d01e16283c99577081301', '69076833349c9575336eee0e24aa53ad', 'Asia/Dhaka', 101, 0, 'Sh34y1560404322gmiaU', '2019-06-13 05:38:42', 1, 2, '2019-06-13 05:38:42', 1, 2, NULL, 0, 0, 'Active', 1),
(11, 1, 0, 0, 0, NULL, NULL, 0, 1, 1, 0, 0, 0, 0, 0, 'Rayhan', '', '', 'rayhankabir@gmail.com', '', NULL, 0, '5d6e0c00a731a685971815', 'a2d0068c2c92edfcd3a1e0a982262dba', '', 0, 0, 'C87hW1567493120mdaMI', '2019-09-03 06:45:20', 0, 0, '2019-09-03 06:45:20', 0, 0, NULL, 0, 0, 'Active', 1),
(12, 1, 0, 0, 0, NULL, NULL, 0, 1, 1, 0, 0, 0, 0, 0, 'Raju ahmad', '', '', 'raju@gmail.com', '', NULL, 0, '5d6e0caecae33192738989', 'f5a263db528d49e5aef5333b9aea3892', '', 0, 0, 'f48rV1567493294YwbRF', '2019-09-03 06:48:14', 0, 0, '2019-09-03 06:48:14', 0, 0, NULL, 0, 0, 'Active', 1),
(16, 1, 0, 0, 0, NULL, NULL, 0, 1, 1, 0, 0, 0, 0, 0, 'sagor', '', '', 'sagor111w@gmail.com', '', NULL, 0, '5d6e2d2f7a010885807355', '28ee3662054eab7935d4ccc0108a2908', '', 0, 0, 'gsDqL1567501615vpJMC', '2019-09-03 09:06:55', 0, 0, '2019-09-03 09:06:55', 0, 0, NULL, 0, 0, 'Active', 1),
(17, 1, 0, 0, 0, NULL, NULL, 0, 1, 1, 0, 0, 0, 0, 0, 'Super Admin ', '', '', 'anafghs@gmail.com', '', NULL, 0, '5d6e2db7d6888348434869', '8881b59c3d43e6cd78e8d82331594053', '', 0, 0, 'JbU7t1567501751NSgBK', '2019-09-03 09:09:11', 0, 0, '2019-09-03 09:09:11', 0, 0, NULL, 0, 0, 'Active', 1),
(18, 1, 0, 0, 0, NULL, NULL, 0, 1, 1, 0, 0, 0, 0, 0, 'sagorfff', '', '', 'rafikul35dsfs1016@gmail.com', '', NULL, 0, '5d6e2e37d5cd0682325048', '64fa30093003928e9ee02006ca4dd4d2', '', 0, 0, '9Wqan1567501879dqixG', '2019-09-03 09:11:19', 0, 0, '2019-09-03 09:11:19', 0, 0, NULL, 0, 0, 'Active', 1),
(19, 1, 0, 0, 0, NULL, NULL, 0, 1, 1, 0, 0, 0, 0, 0, 'Anas Ali', '', '', 'anas@gmail.com', '', NULL, 0, '5de64a7504043107929755', '67828d7fd6bf32c07f24e90f349deef8', '', 0, 0, 'ycQjq1575373429e9KO4', '2019-12-03 11:43:49', 0, 0, '2019-12-03 11:43:49', 0, 0, NULL, 0, 0, 'Active', 1),
(20, 1, 0, 0, 0, NULL, NULL, 0, 1, 1, 0, 0, 0, 0, 0, 'rafi', '', '', 'rafikul@gmail.com', '$2y$10$I9lo3as5wNiijbGLfC3Ip.lDlcuxHoZXynAgLTBmpBtbJpzwCrddm', NULL, 0, '5de79ae1c5c9f266005800', '58c138fa5ec4d6e9c7a9b950129397b0', '', 0, 1, 'lrXUS1575459553ckYHs', '2019-12-04 11:39:13', 0, 0, '2019-12-04 11:39:13', 0, 0, NULL, 0, 0, 'Active', 1),
(21, 1, 0, 0, 0, NULL, NULL, 0, 1, 1, 0, 0, 0, 0, 0, 'Arafat', '', '', 'arafat@gmail.com', '', NULL, 0, '5de79ba422051520269418', 'bb5b70a76af74c3af4271865ea611795', '', 0, 0, 'MPFJz1575459748bCI0t', '2019-12-04 11:42:28', 0, 0, '2019-12-04 11:42:28', 0, 0, NULL, 0, 0, 'Active', 1),
(22, 1, 0, 0, 0, NULL, NULL, 0, 1, 1, 0, 0, 0, 0, 0, 'Arafat', '', '', 'arafat@gmail.com', '', NULL, 0, '5de79c1f51302114882216', 'a691cb2ac22f548b0c7af8753f381693', '', 0, 0, 'uNg3O1575459871inuSU', '2019-12-04 11:44:31', 0, 0, '2019-12-04 11:44:31', 0, 0, NULL, 0, 0, 'Active', 1),
(23, 1, 0, 0, 0, NULL, NULL, 0, 1, 1, 0, 0, 0, 0, 0, 'Rudra', '', '', 'rudra@gmail.com', '', NULL, 0, '5de88ba2c99d4617210500', 'ae3a76265def20777ef56e0dbc0f5404', '', 0, 0, 'hmFsL1575521186zMm6G', '2019-12-05 04:46:26', 0, 0, '2019-12-05 04:46:26', 0, 0, NULL, 0, 0, 'Active', 1),
(24, 1, 0, 0, 0, NULL, NULL, 0, 1, 1, 0, 0, 0, 0, 0, 'Rudra', '', '', 'rudra@gmail.com', '', NULL, 0, '5de88c3d263c5624881614', '3482351055fa50833d70098ea60affb1', '', 0, 0, '7v3Lu1575521341MRDhW', '2019-12-05 04:49:01', 0, 0, '2019-12-05 04:49:01', 0, 0, NULL, 0, 0, 'Active', 1),
(25, 1, 0, 0, 0, NULL, NULL, 0, 1, 1, 0, 0, 0, 0, 0, 'Rudra', '', '', 'rudra@gmail.com', '', NULL, 0, '5de88c47be7b5342831529', '631712af56a5e45150d07dfde4c64a65', '', 0, 0, 'zOmbF1575521351uCKh0', '2019-12-05 04:49:11', 0, 0, '2019-12-05 04:49:11', 0, 0, NULL, 0, 0, 'Active', 1),
(26, 1, 0, 0, 0, NULL, NULL, 0, 1, 1, 0, 0, 0, 0, 0, 'Rudra', '', '', 'rudra@gmail.com', '', NULL, 0, '5de88c69cbdc5028233399', '464d2fee135f07d05c488db0e6e1487e', '', 0, 0, 'WqpJb1575521385F8aoS', '2019-12-05 04:49:45', 0, 0, '2019-12-05 04:49:45', 0, 0, NULL, 0, 0, 'Active', 1),
(27, 1, 0, 0, 0, NULL, NULL, 0, 1, 1, 0, 0, 0, 0, 0, 'Rudra', '', '', 'rudra@gmail.com', '', NULL, 0, '5de88c753e106738746632', 'e2909d29a16415dd91882192c82ddfc8', '', 0, 0, 'CUy6V15755213971MfcI', '2019-12-05 04:49:57', 0, 0, '2019-12-05 04:49:57', 0, 0, NULL, 0, 0, 'Active', 1),
(28, 1, 0, 0, 0, NULL, NULL, 0, 1, 1, 0, 0, 0, 0, 0, 'Rudra', '', '', 'rudra@gmail.com', '', NULL, 0, '5de88c7c616a6697346949', 'e5510e3dd393ebc74d1b2d51fdf15d69', '', 0, 0, 'KjlTI15755214046klZm', '2019-12-05 04:50:04', 0, 0, '2019-12-05 04:50:04', 0, 0, NULL, 0, 0, 'Active', 1),
(29, 1, 0, 0, 0, NULL, NULL, 0, 1, 1, 0, 0, 0, 0, 0, 'Rudra', '', '', 'rudra@gmail.com', '', NULL, 0, '5de88c8e8be56940795853', 'bdec29315bb73cc9b8e3d554b2c9e5bd', '', 0, 0, 'iELMn1575521422pFjiR', '2019-12-05 04:50:22', 0, 0, '2019-12-05 04:50:22', 0, 0, NULL, 0, 0, 'Active', 1),
(30, 1, 0, 0, 0, NULL, NULL, 0, 1, 1, 0, 0, 0, 0, 0, 'Rudra', '', '', 'rudra@gmail.com', '', NULL, 0, '5de88c9d76cd6571709512', '1001aecfcba8663e1b89b5f5f7824d44', '', 0, 0, 'WdQIT1575521437bCG8S', '2019-12-05 04:50:37', 0, 0, '2019-12-05 04:50:37', 0, 0, NULL, 0, 0, 'Active', 1),
(31, 1, 0, 0, 0, NULL, NULL, 0, 1, 1, 0, 0, 0, 0, 0, 'Rudra', '', '', 'rudra@gmail.com', '', NULL, 0, '5de88cd0e45f6978135843', 'daaa12891cea1ae4c632e8b971fcd397', '', 0, 0, 'thY0m1575521488CUgmd', '2019-12-05 04:51:28', 0, 0, '2019-12-05 04:51:28', 0, 0, NULL, 0, 0, 'Active', 1);

-- --------------------------------------------------------

--
-- Table structure for table `en_users_award`
--

CREATE TABLE `en_users_award` (
  `id` int(11) NOT NULL,
  `user_id` int(11) NOT NULL COMMENT 'Foreign Key: en_users.id',
  `award_name` varchar(191) NOT NULL,
  `award_year` year(4) NOT NULL,
  `description` text DEFAULT NULL,
  `created_at` timestamp NULL DEFAULT NULL,
  `created_by` int(11) NOT NULL,
  `updated_at` timestamp NULL DEFAULT NULL,
  `updated_by` int(11) NOT NULL,
  `deleted_at` timestamp NULL DEFAULT NULL,
  `deleted_by` int(11) NOT NULL,
  `project_id` int(11) NOT NULL,
  `valid` tinyint(1) NOT NULL DEFAULT 1
) ENGINE=InnoDB DEFAULT CHARSET=latin1 ROW_FORMAT=COMPACT;

-- --------------------------------------------------------

--
-- Table structure for table `en_users_education`
--

CREATE TABLE `en_users_education` (
  `id` int(11) NOT NULL,
  `user_id` int(11) NOT NULL COMMENT 'Foreign Key: en_users.id',
  `institute` varchar(191) NOT NULL,
  `year_from` year(4) NOT NULL,
  `year_to` year(4) NOT NULL,
  `degree` varchar(191) NOT NULL,
  `area_of_study` varchar(191) NOT NULL,
  `description` text DEFAULT NULL,
  `created_at` timestamp NULL DEFAULT NULL,
  `created_by` int(11) NOT NULL,
  `updated_at` timestamp NULL DEFAULT NULL,
  `updated_by` int(11) NOT NULL,
  `deleted_at` timestamp NULL DEFAULT NULL,
  `deleted_by` int(11) NOT NULL,
  `project_id` int(11) NOT NULL,
  `valid` tinyint(1) NOT NULL DEFAULT 1
) ENGINE=InnoDB DEFAULT CHARSET=latin1 ROW_FORMAT=COMPACT;

-- --------------------------------------------------------

--
-- Table structure for table `en_user_email`
--

CREATE TABLE `en_user_email` (
  `id` int(11) NOT NULL,
  `user_id` int(11) NOT NULL COMMENT 'foreign key= en_users.id',
  `email` varchar(50) NOT NULL,
  `is_primary` tinyint(2) NOT NULL COMMENT '1=yes',
  `verification_code` varchar(111) NOT NULL,
  `email_verified` tinyint(2) NOT NULL COMMENT '1=Verified Yes, 0=No',
  `created_at` timestamp NULL DEFAULT NULL,
  `created_by` int(11) NOT NULL,
  `updated_at` timestamp NULL DEFAULT NULL,
  `updated_by` int(11) NOT NULL,
  `deleted_at` timestamp NULL DEFAULT NULL,
  `deleted_by` int(11) NOT NULL,
  `project_id` int(11) NOT NULL,
  `valid` tinyint(1) NOT NULL
) ENGINE=InnoDB DEFAULT CHARSET=latin1;

--
-- Dumping data for table `en_user_email`
--

INSERT INTO `en_user_email` (`id`, `user_id`, `email`, `is_primary`, `verification_code`, `email_verified`, `created_at`, `created_by`, `updated_at`, `updated_by`, `deleted_at`, `deleted_by`, `project_id`, `valid`) VALUES
(1711, 1, 'rafikulswe@gmail.com', 0, 'SDm3y155893644418Uv2', 0, '2019-05-27 05:54:04', 1, '2019-05-27 05:54:04', 1, NULL, 0, 1, 1);

-- --------------------------------------------------------

--
-- Table structure for table `en_user_tracks`
--

CREATE TABLE `en_user_tracks` (
  `id` int(11) NOT NULL,
  `user_id` int(11) NOT NULL COMMENT 'Foreign key:en_users.id',
  `track_id` int(11) NOT NULL COMMENT 'Foreign key:en_tracks.id',
  `created_at` timestamp NULL DEFAULT NULL,
  `created_by` int(11) NOT NULL,
  `updated_at` timestamp NULL DEFAULT NULL,
  `updated_by` int(11) NOT NULL,
  `deleted_at` timestamp NULL DEFAULT NULL,
  `deleted_by` int(11) NOT NULL,
  `project_id` int(11) NOT NULL,
  `valid` tinyint(1) NOT NULL
) ENGINE=InnoDB DEFAULT CHARSET=latin1;

--
-- Dumping data for table `en_user_tracks`
--

INSERT INTO `en_user_tracks` (`id`, `user_id`, `track_id`, `created_at`, `created_by`, `updated_at`, `updated_by`, `deleted_at`, `deleted_by`, `project_id`, `valid`) VALUES
(1, 3, 0, '2019-01-13 12:41:01', 3, '2019-01-14 08:14:00', 3, '2019-01-14 08:14:00', 3, 1, 0),
(2, 3, 1, '2019-01-14 08:14:00', 3, '2019-01-14 08:14:00', 3, NULL, 0, 1, 1),
(3, 2, 1, '2019-01-28 06:13:06', 2, '2019-01-28 06:13:06', 2, NULL, 0, 1, 1),
(4, 3, 1, '2019-07-31 09:51:59', 3, '2019-07-31 09:51:59', 3, NULL, 0, 1, 1);

-- --------------------------------------------------------

--
-- Table structure for table `en_webinar`
--

CREATE TABLE `en_webinar` (
  `id` int(11) NOT NULL,
  `name` varchar(255) CHARACTER SET utf8 NOT NULL,
  `image` varchar(33) NOT NULL,
  `designation` varchar(200) CHARACTER SET utf8 NOT NULL,
  `event_title` varchar(255) CHARACTER SET utf8 NOT NULL,
  `event_description` text CHARACTER SET utf8 NOT NULL,
  `event_date_time` timestamp NOT NULL DEFAULT current_timestamp() ON UPDATE current_timestamp(),
  `event_venue` text NOT NULL,
  `event_live_streaming` varchar(255) NOT NULL,
  `status` tinyint(2) NOT NULL COMMENT '1=Active, 0=Inactive',
  `created_at` timestamp NULL DEFAULT NULL,
  `created_by` int(11) NOT NULL,
  `updated_at` timestamp NULL DEFAULT NULL,
  `updated_by` int(11) NOT NULL,
  `deleted_at` timestamp NULL DEFAULT NULL,
  `deleted_by` int(11) NOT NULL,
  `project_id` int(11) NOT NULL,
  `valid` tinyint(1) NOT NULL
) ENGINE=InnoDB DEFAULT CHARSET=latin1;

-- --------------------------------------------------------

--
-- Table structure for table `general`
--

CREATE TABLE `general` (
  `id` int(11) NOT NULL,
  `intro_video` int(11) NOT NULL,
  `intro_logo` varchar(33) NOT NULL,
  `menu_logo` varchar(33) NOT NULL,
  `contact_cell` varchar(33) NOT NULL,
  `contact_email` varchar(66) NOT NULL,
  `created_at` timestamp NULL DEFAULT NULL,
  `created_by` int(11) NOT NULL,
  `updated_at` timestamp NULL DEFAULT NULL,
  `updated_by` int(11) NOT NULL,
  `deleted_at` timestamp NULL DEFAULT NULL,
  `deleted_by` int(11) NOT NULL,
  `project_id` int(11) DEFAULT NULL,
  `valid` tinyint(4) NOT NULL
) ENGINE=InnoDB DEFAULT CHARSET=latin1;

--
-- Dumping data for table `general`
--

INSERT INTO `general` (`id`, `intro_video`, `intro_logo`, `menu_logo`, `contact_cell`, `contact_email`, `created_at`, `created_by`, `updated_at`, `updated_by`, `deleted_at`, `deleted_by`, `project_id`, `valid`) VALUES
(1, 97863206, '1588407922.png', '1588407939.png', '+88-01720309182', 'olddhakamail@gmail.com', NULL, 0, '2020-05-02 02:25:52', 1, NULL, 0, NULL, 1);

-- --------------------------------------------------------

--
-- Table structure for table `icon`
--

CREATE TABLE `icon` (
  `id` int(11) NOT NULL,
  `class_name` varchar(66) NOT NULL
) ENGINE=InnoDB DEFAULT CHARSET=latin1;

--
-- Dumping data for table `icon`
--

INSERT INTO `icon` (`id`, `class_name`) VALUES
(1, 'icomoon-icon-home'),
(2, 'icomoon-icon-home-2'),
(3, 'icomoon-icon-home-3'),
(4, 'icomoon-icon-home-4'),
(5, 'icomoon-icon-home-5'),
(6, 'icomoon-icon-home-6'),
(7, 'icomoon-icon-home-7'),
(8, 'icomoon-icon-office'),
(9, 'icomoon-icon-newspaper'),
(10, 'icomoon-icon-pencil'),
(11, 'icomoon-icon-pencil-2'),
(12, 'icomoon-icon-pencil-3'),
(13, 'icomoon-icon-pencil-4'),
(14, 'icomoon-icon-quill'),
(15, 'icomoon-icon-quill-2'),
(16, 'icomoon-icon-pen'),
(17, 'icomoon-icon-pen-2'),
(18, 'icomoon-icon-pen-3'),
(19, 'icomoon-icon-marker'),
(20, 'icomoon-icon-blog'),
(21, 'icomoon-icon-eyedropper'),
(22, 'icomoon-icon-droplet'),
(23, 'icomoon-icon-droplet-2'),
(24, 'icomoon-icon-paint-format'),
(25, 'icomoon-icon-image'),
(26, 'icomoon-icon-image-2'),
(27, 'icomoon-icon-images'),
(28, 'icomoon-icon-image-3'),
(29, 'icomoon-icon-image-4'),
(30, 'icomoon-icon-image-5'),
(31, 'icomoon-icon-camera'),
(32, 'icomoon-icon-camera-2'),
(33, 'icomoon-icon-camera-3'),
(34, 'icomoon-icon-camera-4'),
(35, 'icomoon-icon-music'),
(36, 'icomoon-icon-music-2'),
(37, 'icomoon-icon-music-3'),
(38, 'icomoon-icon-piano'),
(39, 'icomoon-icon-headphones'),
(40, 'icomoon-icon-headphones-2'),
(41, 'icomoon-icon-play'),
(42, 'icomoon-icon-movie'),
(43, 'icomoon-icon-movie-2'),
(44, 'icomoon-icon-film'),
(45, 'icomoon-icon-film-2'),
(46, 'icomoon-icon-film-3'),
(47, 'icomoon-icon-camera-5'),
(48, 'icomoon-icon-camera-6'),
(49, 'icomoon-icon-camera-7'),
(50, 'icomoon-icon-dice'),
(51, 'icomoon-icon-pacman'),
(52, 'icomoon-icon-spades'),
(53, 'icomoon-icon-clubs'),
(54, 'icomoon-icon-diamonds'),
(55, 'icomoon-icon-king'),
(56, 'icomoon-icon-queen'),
(57, 'icomoon-icon-rock'),
(58, 'icomoon-icon-bishop'),
(59, 'icomoon-icon-knight'),
(60, 'icomoon-icon-pawn'),
(61, 'icomoon-icon-bullhorn'),
(62, 'icomoon-icon-megaphone'),
(63, 'icomoon-icon-new'),
(64, 'icomoon-icon-connection'),
(65, 'icomoon-icon-connection-2'),
(66, 'icomoon-icon-podcast'),
(67, 'icomoon-icon-radio'),
(68, 'icomoon-icon-feed'),
(69, 'icomoon-icon-mic'),
(70, 'icomoon-icon-mic-2'),
(71, 'icomoon-icon-mic-3'),
(72, 'icomoon-icon-mic-4'),
(73, 'icomoon-icon-book'),
(74, 'icomoon-icon-book-2'),
(75, 'icomoon-icon-books'),
(76, 'icomoon-icon-library'),
(77, 'icomoon-icon-file'),
(78, 'icomoon-icon-profile'),
(79, 'icomoon-icon-file-2'),
(80, 'icomoon-icon-file-3'),
(81, 'icomoon-icon-file-4'),
(82, 'icomoon-icon-file-5'),
(83, 'icomoon-icon-file-6'),
(84, 'icomoon-icon-file-plus'),
(85, 'icomoon-icon-file-minus'),
(86, 'icomoon-icon-file-download'),
(87, 'icomoon-icon-file-upload'),
(88, 'icomoon-icon-file-check'),
(89, 'icomoon-icon-file-remove'),
(90, 'icomoon-icon-file-7'),
(91, 'icomoon-icon-copy'),
(92, 'icomoon-icon-copy-2'),
(93, 'icomoon-icon-copy-3'),
(94, 'icomoon-icon-copy-4'),
(95, 'icomoon-icon-paste'),
(96, 'icomoon-icon-paste-2'),
(97, 'icomoon-icon-paste-3'),
(98, 'icomoon-icon-stack'),
(99, 'icomoon-icon-folder'),
(100, 'icomoon-icon-folder-download'),
(101, 'icomoon-icon-folder-upload'),
(102, 'icomoon-icon-folder-plus'),
(103, 'icomoon-icon-folder-plus-2'),
(104, 'icomoon-icon-folder-minus'),
(105, 'icomoon-icon-folder-minus-2'),
(106, 'icomoon-icon-folder8'),
(107, 'icomoon-icon-folder-remove'),
(108, 'icomoon-icon-folder-2'),
(109, 'icomoon-icon-folder-open'),
(110, 'icomoon-icon-folder-plus-3'),
(111, 'icomoon-icon-folder-minus-3'),
(112, 'icomoon-icon-folder-download-2'),
(113, 'icomoon-icon-folder-upload-2'),
(114, 'icomoon-icon-folder-3'),
(115, 'icomoon-icon-folder-open-2'),
(116, 'icomoon-icon-certificate'),
(117, 'icomoon-icon-cc'),
(118, 'icomoon-icon-tag'),
(119, 'icomoon-icon-tag-2'),
(120, 'icomoon-icon-tag-3'),
(121, 'icomoon-icon-tag-4'),
(122, 'icomoon-icon-tags'),
(123, 'icomoon-icon-tags-2'),
(124, 'icomoon-icon-tag-5'),
(125, 'icomoon-icon-barcode'),
(126, 'icomoon-icon-barcode-2'),
(127, 'icomoon-icon-qrcode'),
(128, 'icomoon-icon-ticket'),
(129, 'icomoon-icon-cart'),
(130, 'icomoon-icon-cart-2'),
(131, 'icomoon-icon-cart-3'),
(132, 'icomoon-icon-cart-4'),
(133, 'icomoon-icon-cart-5'),
(134, 'icomoon-icon-cart-plus'),
(135, 'icomoon-icon-cart-minus'),
(136, 'icomoon-icon-cart-add'),
(137, 'icomoon-icon-cart-remove'),
(138, 'icomoon-icon-cart-checkout'),
(139, 'icomoon-icon-cart-remove-2'),
(140, 'icomoon-icon-basket'),
(141, 'icomoon-icon-basket-2'),
(142, 'icomoon-icon-coin'),
(143, 'icomoon-icon-credit'),
(144, 'icomoon-icon-calculate'),
(145, 'icomoon-icon-calculate-2'),
(146, 'icomoon-icon-support'),
(147, 'icomoon-icon-phone'),
(148, 'icomoon-icon-phone-2'),
(149, 'icomoon-icon-phone-3'),
(150, 'icomoon-icon-contact-add'),
(151, 'icomoon-icon-contact-remove'),
(152, 'icomoon-icon-contact-add-2'),
(153, 'icomoon-icon-contact-remove-2'),
(154, 'icomoon-icon-call-incoming'),
(155, 'icomoon-icon-call-outgoing'),
(156, 'icomoon-icon-phone-4'),
(157, 'icomoon-icon-phone-5'),
(158, 'icomoon-icon-phone-hang-up'),
(159, 'icomoon-icon-phone-hang-up-2'),
(160, 'icomoon-icon-address-book'),
(161, 'icomoon-icon-notebook'),
(162, 'icomoon-icon-envelop'),
(163, 'icomoon-icon-mail-send'),
(164, 'icomoon-icon-envelop-2'),
(165, 'icomoon-icon-pushpin'),
(166, 'icomoon-icon-location'),
(167, 'icomoon-icon-location-2'),
(168, 'icomoon-icon-location-3'),
(169, 'icomoon-icon-location-4'),
(170, 'icomoon-icon-compass'),
(171, 'icomoon-icon-compass-2'),
(172, 'icomoon-icon-map'),
(173, 'icomoon-icon-map-2'),
(174, 'icomoon-icon-map-3'),
(175, 'icomoon-icon-direction'),
(176, 'icomoon-icon-history'),
(177, 'icomoon-icon-clock'),
(178, 'icomoon-icon-clock-2'),
(179, 'icomoon-icon-clock-3'),
(180, 'icomoon-icon-clock-4'),
(181, 'icomoon-icon-watch'),
(182, 'icomoon-icon-alarm'),
(183, 'icomoon-icon-alarm-2'),
(184, 'icomoon-icon-bell'),
(185, 'icomoon-icon-stopwatch'),
(186, 'icomoon-icon-calendar'),
(187, 'icomoon-icon-calendar-2'),
(188, 'icomoon-icon-calendar-3'),
(189, 'icomoon-icon-calendar-4'),
(190, 'icomoon-icon-print'),
(191, 'icomoon-icon-print-2'),
(192, 'icomoon-icon-mouse'),
(193, 'icomoon-icon-mouse-2'),
(194, 'icomoon-icon-keyboard'),
(195, 'icomoon-icon-screen'),
(196, 'icomoon-icon-screen-2'),
(197, 'icomoon-icon-laptop'),
(198, 'icomoon-icon-mobile'),
(199, 'icomoon-icon-mobile-2'),
(200, 'icomoon-icon-tablet'),
(201, 'icomoon-icon-tv'),
(202, 'icomoon-icon-cabinet'),
(203, 'icomoon-icon-archive'),
(204, 'icomoon-icon-drawer'),
(205, 'icomoon-icon-drawer-2'),
(206, 'icomoon-icon-drawer-3'),
(207, 'icomoon-icon-panel-add'),
(208, 'icomoon-icon-panel-remove'),
(209, 'icomoon-icon-download'),
(210, 'icomoon-icon-upload'),
(211, 'icomoon-icon-disk'),
(212, 'icomoon-icon-storage'),
(213, 'icomoon-icon-storage-2'),
(214, 'icomoon-icon-database'),
(215, 'icomoon-icon-database-2'),
(216, 'icomoon-icon-undo'),
(217, 'icomoon-icon-redo'),
(218, 'icomoon-icon-rotate'),
(219, 'icomoon-icon-rotate-2'),
(220, 'icomoon-icon-flip'),
(221, 'icomoon-icon-flip-2'),
(222, 'icomoon-icon-undo-2'),
(223, 'icomoon-icon-redo-2'),
(224, 'icomoon-icon-forward'),
(225, 'icomoon-icon-reply'),
(226, 'icomoon-icon-reply-2'),
(227, 'icomoon-icon-bubble'),
(228, 'icomoon-icon-bubbles'),
(229, 'icomoon-icon-bubbles-2'),
(230, 'icomoon-icon-bubble-2'),
(231, 'icomoon-icon-bubbles-3'),
(232, 'icomoon-icon-bubbles-4'),
(233, 'icomoon-icon-bubble-notification'),
(234, 'icomoon-icon-bubble-3'),
(235, 'icomoon-icon-bubble-dots'),
(236, 'icomoon-icon-bubble-4'),
(237, 'icomoon-icon-bubble-5'),
(238, 'icomoon-icon-bubble-dots-2'),
(239, 'icomoon-icon-bubble-6'),
(240, 'icomoon-icon-bubbles-5'),
(241, 'icomoon-icon-bubbles-6'),
(242, 'icomoon-icon-bubble-blocked'),
(243, 'icomoon-icon-bubble-quote'),
(244, 'icomoon-icon-bubble-user'),
(245, 'icomoon-icon-bubble-check'),
(246, 'icomoon-icon-bubble-video-chat'),
(247, 'icomoon-icon-bubble-link'),
(248, 'icomoon-icon-bubble-locked'),
(249, 'icomoon-icon-bubble-star'),
(250, 'icomoon-icon-bubble-heart'),
(251, 'icomoon-icon-bubble-paperclip'),
(252, 'icomoon-icon-bubble-cancel'),
(253, 'icomoon-icon-bubble-plus'),
(254, 'icomoon-icon-bubble-minus'),
(255, 'icomoon-icon-bubble-notification-2'),
(256, 'icomoon-icon-bubble-trash'),
(257, 'icomoon-icon-bubble-left'),
(258, 'icomoon-icon-bubble-right'),
(259, 'icomoon-icon-bubble-up'),
(260, 'icomoon-icon-bubble-down'),
(261, 'icomoon-icon-bubble-first'),
(262, 'icomoon-icon-bubble-last'),
(263, 'icomoon-icon-bubble-replu'),
(264, 'icomoon-icon-bubble-forward'),
(265, 'icomoon-icon-bubble-reply'),
(266, 'icomoon-icon-bubble-forward-2'),
(267, 'icomoon-icon-user'),
(268, 'icomoon-icon-users'),
(269, 'icomoon-icon-user-plus'),
(270, 'icomoon-icon-user-plus-2'),
(271, 'icomoon-icon-user-minus'),
(272, 'icomoon-icon-user-minus-2'),
(273, 'icomoon-icon-user-cancel'),
(274, 'icomoon-icon-user-block'),
(275, 'icomoon-icon-user-2'),
(276, 'icomoon-icon-users-2'),
(277, 'icomoon-icon-user-plus-3'),
(278, 'icomoon-icon-user-minus-3'),
(279, 'icomoon-icon-user-cancel-2'),
(280, 'icomoon-icon-user-block-2'),
(281, 'icomoon-icon-user-3'),
(282, 'icomoon-icon-user-4'),
(283, 'icomoon-icon-vcard'),
(284, 'icomoon-icon-hanger'),
(285, 'icomoon-icon-quotes-left'),
(286, 'icomoon-icon-quotes-right'),
(287, 'icomoon-icon-quotes-right-2'),
(288, 'icomoon-icon-quotes-right-3'),
(289, 'icomoon-icon-busy'),
(290, 'icomoon-icon-busy-2'),
(291, 'icomoon-icon-busy-3'),
(292, 'icomoon-icon-spinner'),
(293, 'icomoon-icon-spinner-2'),
(294, 'icomoon-icon-spinner-3'),
(295, 'icomoon-icon-spinner-4'),
(296, 'icomoon-icon-spinner-5'),
(297, 'icomoon-icon-spinner-6'),
(298, 'icomoon-icon-spinner-7'),
(299, 'icomoon-icon-spinner-8'),
(300, 'icomoon-icon-binoculars'),
(301, 'icomoon-icon-search'),
(302, 'icomoon-icon-search-2'),
(303, 'icomoon-icon-zoom-in'),
(304, 'icomoon-icon-zoom-out'),
(305, 'icomoon-icon-search-3'),
(306, 'icomoon-icon-zoom-in-2'),
(307, 'icomoon-icon-zoom-out-2'),
(308, 'icomoon-icon-expand'),
(309, 'icomoon-icon-contract'),
(310, 'icomoon-icon-expand-2'),
(311, 'icomoon-icon-contract-2'),
(312, 'icomoon-icon-key'),
(313, 'icomoon-icon-key-2'),
(314, 'icomoon-icon-lock'),
(315, 'icomoon-icon-lock-2'),
(316, 'icomoon-icon-unlocked'),
(317, 'icomoon-icon-lock-3'),
(318, 'icomoon-icon-unlocked-2'),
(319, 'icomoon-icon-wrench'),
(320, 'icomoon-icon-wrench-2'),
(321, 'icomoon-icon-settings'),
(322, 'icomoon-icon-equalizer'),
(323, 'icomoon-icon-equalizer-2'),
(324, 'icomoon-icon-equalizer-3'),
(325, 'icomoon-icon-cog'),
(326, 'icomoon-icon-cogs'),
(327, 'icomoon-icon-cog-2'),
(328, 'icomoon-icon-cog-3'),
(329, 'icomoon-icon-cog-4'),
(330, 'icomoon-icon-factory'),
(331, 'icomoon-icon-hammer'),
(332, 'icomoon-icon-tools'),
(333, 'icomoon-icon-wand'),
(334, 'icomoon-icon-wand-2'),
(335, 'icomoon-icon-aid'),
(336, 'icomoon-icon-patch'),
(337, 'icomoon-icon-bug'),
(338, 'icomoon-icon-bug-2'),
(339, 'icomoon-icon-inject'),
(340, 'icomoon-icon-construction'),
(341, 'icomoon-icon-cone'),
(342, 'icomoon-icon-pie'),
(343, 'icomoon-icon-pie-2'),
(344, 'icomoon-icon-pie-3'),
(345, 'icomoon-icon-pie-4'),
(346, 'icomoon-icon-stats'),
(347, 'icomoon-icon-stats-2'),
(348, 'icomoon-icon-stats-3'),
(349, 'icomoon-icon-bars'),
(350, 'icomoon-icon-bars-2'),
(351, 'icomoon-icon-bars-3'),
(352, 'icomoon-icon-stats-up'),
(353, 'icomoon-icon-stats-down'),
(354, 'icomoon-icon-ladder'),
(355, 'icomoon-icon-cake'),
(356, 'icomoon-icon-gift'),
(357, 'icomoon-icon-balloon'),
(358, 'icomoon-icon-rating'),
(359, 'icomoon-icon-rating-2'),
(360, 'icomoon-icon-rating-3'),
(361, 'icomoon-icon-podium'),
(362, 'icomoon-icon-medal'),
(363, 'icomoon-icon-medal-2'),
(364, 'icomoon-icon-medal-3'),
(365, 'icomoon-icon-medal-4'),
(366, 'icomoon-icon-medal-5'),
(367, 'icomoon-icon-crown'),
(368, 'icomoon-icon-trophy'),
(369, 'icomoon-icon-trophy-2'),
(370, 'icomoon-icon-trophy-star'),
(371, 'icomoon-icon-diamond'),
(372, 'icomoon-icon-glass'),
(373, 'icomoon-icon-glass-2'),
(374, 'icomoon-icon-bottle'),
(375, 'icomoon-icon-bottle-2'),
(376, 'icomoon-icon-mug'),
(377, 'icomoon-icon-food'),
(378, 'icomoon-icon-food-2'),
(379, 'icomoon-icon-leaf'),
(380, 'icomoon-icon-apple-fruit'),
(381, 'icomoon-icon-paw'),
(382, 'icomoon-icon-steps'),
(383, 'icomoon-icon-flower'),
(384, 'icomoon-icon-rocket'),
(385, 'icomoon-icon-meter'),
(386, 'icomoon-icon-meter2'),
(387, 'icomoon-icon-meter-slow'),
(388, 'icomoon-icon-meter-medium'),
(389, 'icomoon-icon-meter-fast'),
(390, 'icomoon-icon-dashboard'),
(391, 'icomoon-icon-hammer-2'),
(392, 'icomoon-icon-balance'),
(393, 'icomoon-icon-fire'),
(394, 'icomoon-icon-lab'),
(395, 'icomoon-icon-magnet'),
(396, 'icomoon-icon-dumbbell'),
(397, 'icomoon-icon-skull'),
(398, 'icomoon-icon-skull-2'),
(399, 'icomoon-icon-lamp'),
(400, 'icomoon-icon-lamp-2'),
(401, 'icomoon-icon-lamp-3'),
(402, 'icomoon-icon-remove'),
(403, 'icomoon-icon-remove-2'),
(404, 'icomoon-icon-remove-3'),
(405, 'icomoon-icon-remove-4'),
(406, 'icomoon-icon-remove-5'),
(407, 'icomoon-icon-briefcase'),
(408, 'icomoon-icon-briefcase-2'),
(409, 'icomoon-icon-briefcase-3'),
(410, 'icomoon-icon-airplane'),
(411, 'icomoon-icon-airplane-2'),
(412, 'icomoon-icon-paper-plane'),
(413, 'icomoon-icon-car'),
(414, 'icomoon-icon-gas-pump'),
(415, 'icomoon-icon-bus'),
(416, 'icomoon-icon-truck'),
(417, 'icomoon-icon-road'),
(418, 'icomoon-icon-boat'),
(419, 'icomoon-icon-cube'),
(420, 'icomoon-icon-cube-2'),
(421, 'icomoon-icon-pyramid'),
(422, 'icomoon-icon-puzzle'),
(423, 'icomoon-icon-puzzle-2'),
(424, 'icomoon-icon-puzzle-3'),
(425, 'icomoon-icon-puzzle-4'),
(426, 'icomoon-icon-glasses'),
(427, 'icomoon-icon-glasses-2'),
(428, 'icomoon-icon-glasses-3'),
(429, 'icomoon-icon-sun-glasses'),
(430, 'icomoon-icon-accessibility'),
(431, 'icomoon-icon-accessibility-2'),
(432, 'icomoon-icon-target'),
(433, 'icomoon-icon-target-2'),
(434, 'icomoon-icon-target-3'),
(435, 'icomoon-icon-gun'),
(436, 'icomoon-icon-gun-ban'),
(437, 'icomoon-icon-shield'),
(438, 'icomoon-icon-shield-2'),
(439, 'icomoon-icon-lightning'),
(440, 'icomoon-icon-power'),
(441, 'icomoon-icon-power-2'),
(442, 'icomoon-icon-switch'),
(443, 'icomoon-icon-power-cord'),
(444, 'icomoon-icon-clipboard'),
(445, 'icomoon-icon-signup'),
(446, 'icomoon-icon-list'),
(447, 'icomoon-icon-list-2'),
(448, 'icomoon-icon-numbered-list'),
(449, 'icomoon-icon-playlist'),
(450, 'icomoon-icon-grid'),
(451, 'icomoon-icon-grid-2'),
(452, 'icomoon-icon-grid-3'),
(453, 'icomoon-icon-grid-4'),
(454, 'icomoon-icon-tree'),
(455, 'icomoon-icon-tree-2'),
(456, 'icomoon-icon-tree-3'),
(457, 'icomoon-icon-menu'),
(458, 'icomoon-icon-menu-2'),
(459, 'icomoon-icon-menu-3'),
(460, 'icomoon-icon-menu-4'),
(461, 'icomoon-icon-menu-5'),
(462, 'icomoon-icon-cloud'),
(463, 'icomoon-icon-cloud-download'),
(464, 'icomoon-icon-cloud-upload'),
(465, 'icomoon-icon-download-2'),
(466, 'icomoon-icon-upload-2'),
(467, 'icomoon-icon-download-3'),
(468, 'icomoon-icon-upload-3'),
(469, 'icomoon-icon-download-4'),
(470, 'icomoon-icon-upload-4'),
(471, 'icomoon-icon-download-5'),
(472, 'icomoon-icon-upload-5'),
(473, 'icomoon-icon-globe'),
(474, 'icomoon-icon-globe-2'),
(475, 'icomoon-icon-earth'),
(476, 'icomoon-icon-link'),
(477, 'icomoon-icon-link-2'),
(478, 'icomoon-icon-link-3'),
(479, 'icomoon-icon-link2'),
(480, 'icomoon-icon-link-4'),
(481, 'icomoon-icon-link-5'),
(482, 'icomoon-icon-link-6'),
(483, 'icomoon-icon-anchor'),
(484, 'icomoon-icon-flag'),
(485, 'icomoon-icon-flag-2'),
(486, 'icomoon-icon-flag-3'),
(487, 'icomoon-icon-flag-4'),
(488, 'icomoon-icon-attachment'),
(489, 'icomoon-icon-attachment-2'),
(490, 'icomoon-icon-eye'),
(491, 'icomoon-icon-eye-blocked'),
(492, 'icomoon-icon-eye-2'),
(493, 'icomoon-icon-eye-3'),
(494, 'icomoon-icon-eye-blocked-2'),
(495, 'icomoon-icon-eye-4'),
(496, 'icomoon-icon-eye-5'),
(497, 'icomoon-icon-eye-6'),
(498, 'icomoon-icon-eye-7'),
(499, 'icomoon-icon-bookmark'),
(500, 'icomoon-icon-bookmark-2'),
(501, 'icomoon-icon-bookmarks'),
(502, 'icomoon-icon-bookmark-3'),
(503, 'icomoon-icon-weather-lightning'),
(504, 'icomoon-icon-weather-rain'),
(505, 'icomoon-icon-weather-snow'),
(506, 'icomoon-icon-windy'),
(507, 'icomoon-icon-fan'),
(508, 'icomoon-icon-umbrella'),
(509, 'icomoon-icon-sun'),
(510, 'icomoon-icon-sun-2'),
(511, 'icomoon-icon-brightness-high'),
(512, 'icomoon-icon-brightness-medium'),
(513, 'icomoon-icon-brightness-low'),
(514, 'icomoon-icon-brightness-contrast'),
(515, 'icomoon-icon-contrast'),
(516, 'icomoon-icon-moon'),
(517, 'icomoon-icon-bed'),
(518, 'icomoon-icon-bed-2'),
(519, 'icomoon-icon-star'),
(520, 'icomoon-icon-star-2'),
(521, 'icomoon-icon-star-3'),
(522, 'icomoon-icon-star-4'),
(523, 'icomoon-icon-star-5'),
(524, 'icomoon-icon-star-6'),
(525, 'icomoon-icon-heart'),
(526, 'icomoon-icon-heart-2'),
(527, 'icomoon-icon-heart-broken'),
(528, 'icomoon-icon-heart-3'),
(529, 'icomoon-icon-heart-4'),
(530, 'icomoon-icon-heart-broken-2'),
(531, 'icomoon-icon-heart-5'),
(532, 'icomoon-icon-heart-6'),
(533, 'icomoon-icon-heart-broken-3'),
(534, 'icomoon-icon-thumbs-up'),
(535, 'icomoon-icon-thumbs-up-2'),
(536, 'icomoon-icon-thumbs-down'),
(537, 'icomoon-icon-thumbs-down-2'),
(538, 'icomoon-icon-thumbs-up-3'),
(539, 'icomoon-icon-thumbs-up-4'),
(540, 'icomoon-icon-people'),
(541, 'icomoon-icon-man'),
(542, 'icomoon-icon-male'),
(543, 'icomoon-icon-woman'),
(544, 'icomoon-icon-female'),
(545, 'icomoon-icon-peace'),
(546, 'icomoon-icon-yin-yang'),
(547, 'icomoon-icon-happy'),
(548, 'icomoon-icon-happy-2'),
(549, 'icomoon-icon-smiley'),
(550, 'icomoon-icon-smiley-2'),
(551, 'icomoon-icon-tongue'),
(552, 'icomoon-icon-tongue-2'),
(553, 'icomoon-icon-sad'),
(554, 'icomoon-icon-sad-2'),
(555, 'icomoon-icon-wink'),
(556, 'icomoon-icon-wink-2'),
(557, 'icomoon-icon-grin'),
(558, 'icomoon-icon-grin-2'),
(559, 'icomoon-icon-cool'),
(560, 'icomoon-icon-cool-2'),
(561, 'icomoon-icon-angry'),
(562, 'icomoon-icon-angry-2'),
(563, 'icomoon-icon-evil'),
(564, 'icomoon-icon-evil-2'),
(565, 'icomoon-icon-shocked'),
(566, 'icomoon-icon-shocked-2'),
(567, 'icomoon-icon-confused'),
(568, 'icomoon-icon-confused-2'),
(569, 'icomoon-icon-neutral'),
(570, 'icomoon-icon-neutral-2'),
(571, 'icomoon-icon-wondering'),
(572, 'icomoon-icon-wondering-2'),
(573, 'icomoon-icon-cursor'),
(574, 'icomoon-icon-cursor-2'),
(575, 'icomoon-icon-point-up'),
(576, 'icomoon-icon-point-right'),
(577, 'icomoon-icon-point-down'),
(578, 'icomoon-icon-point-left'),
(579, 'icomoon-icon-move'),
(580, 'icomoon-icon-warning'),
(581, 'icomoon-icon-notification'),
(582, 'icomoon-icon-question'),
(583, 'icomoon-icon-question-2'),
(584, 'icomoon-icon-question-3'),
(585, 'icomoon-icon-question-4'),
(586, 'icomoon-icon-question-5'),
(587, 'icomoon-icon-plus-circle'),
(588, 'icomoon-icon-plus-circle-2'),
(589, 'icomoon-icon-minus-circle'),
(590, 'icomoon-icon-minus-circle-2'),
(591, 'icomoon-icon-info'),
(592, 'icomoon-icon-info-2'),
(593, 'icomoon-icon-blocked'),
(594, 'icomoon-icon-cancel-circle'),
(595, 'icomoon-icon-cancel-circle-2'),
(596, 'icomoon-icon-checkmark-circle'),
(597, 'icomoon-icon-checkmark-circle-2'),
(598, 'icomoon-icon-cancel'),
(599, 'icomoon-icon-spam'),
(600, 'icomoon-icon-close'),
(601, 'icomoon-icon-checkmark'),
(602, 'icomoon-icon-checkmark-2'),
(603, 'icomoon-icon-checkmark-3'),
(604, 'icomoon-icon-checkmark-4'),
(605, 'icomoon-icon-spell-check'),
(606, 'icomoon-icon-minus'),
(607, 'icomoon-icon-plus'),
(608, 'icomoon-icon-enter'),
(609, 'icomoon-icon-exit'),
(610, 'icomoon-icon-enter-2'),
(611, 'icomoon-icon-exit-2'),
(612, 'icomoon-icon-enter-3'),
(613, 'icomoon-icon-exit-3'),
(614, 'icomoon-icon-exit-4'),
(615, 'icomoon-icon-play-2'),
(616, 'icomoon-icon-pause'),
(617, 'icomoon-icon-stop'),
(618, 'icomoon-icon-backward'),
(619, 'icomoon-icon-forward-2'),
(620, 'icomoon-icon-play-3'),
(621, 'icomoon-icon-pause-2'),
(622, 'icomoon-icon-stop-2'),
(623, 'icomoon-icon-backward-2'),
(624, 'icomoon-icon-forward-3'),
(625, 'icomoon-icon-first'),
(626, 'icomoon-icon-last'),
(627, 'icomoon-icon-previous'),
(628, 'icomoon-icon-next'),
(629, 'icomoon-icon-eject'),
(630, 'icomoon-icon-volume-high'),
(631, 'icomoon-icon-volume-medium'),
(632, 'icomoon-icon-volume-low'),
(633, 'icomoon-icon-volume-mute'),
(634, 'icomoon-icon-volume-mute-2'),
(635, 'icomoon-icon-volume-increase'),
(636, 'icomoon-icon-volume-decrease'),
(637, 'icomoon-icon-volume-high-2'),
(638, 'icomoon-icon-volume-medium-2'),
(639, 'icomoon-icon-volume-low-2'),
(640, 'icomoon-icon-volume-mute-3'),
(641, 'icomoon-icon-volume-mute-4'),
(642, 'icomoon-icon-volume-increase-2'),
(643, 'icomoon-icon-volume-decrease-2'),
(644, 'icomoon-icon-volume5'),
(645, 'icomoon-icon-volume4'),
(646, 'icomoon-icon-volume3'),
(647, 'icomoon-icon-volume2'),
(648, 'icomoon-icon-volume1'),
(649, 'icomoon-icon-volume0'),
(650, 'icomoon-icon-volume-mute-5'),
(651, 'icomoon-icon-volume-mute-6'),
(652, 'icomoon-icon-loop'),
(653, 'icomoon-icon-loop-2'),
(654, 'icomoon-icon-loop-3'),
(655, 'icomoon-icon-loop-4'),
(656, 'icomoon-icon-loop-5'),
(657, 'icomoon-icon-shuffle'),
(658, 'icomoon-icon-shuffle-2'),
(659, 'icomoon-icon-wave'),
(660, 'icomoon-icon-wave-2'),
(661, 'icomoon-icon-arrow-first'),
(662, 'icomoon-icon-arrow-right'),
(663, 'icomoon-icon-arrow-up'),
(664, 'icomoon-icon-arrow-right-2'),
(665, 'icomoon-icon-arrow-down'),
(666, 'icomoon-icon-arrow-left'),
(667, 'icomoon-icon-arrow-up-2'),
(668, 'icomoon-icon-arrow-right-3'),
(669, 'icomoon-icon-arrow-down-2'),
(670, 'icomoon-icon-arrow-left-2'),
(671, 'icomoon-icon-arrow-up-left'),
(672, 'icomoon-icon-arrow-up-3'),
(673, 'icomoon-icon-arrow-up-right'),
(674, 'icomoon-icon-arrow-right-4'),
(675, 'icomoon-icon-arrow-down-right'),
(676, 'icomoon-icon-arrow-down-3'),
(677, 'icomoon-icon-arrow-down-left'),
(678, 'icomoon-icon-arrow-left-3'),
(679, 'icomoon-icon-arrow-up-left-2'),
(680, 'icomoon-icon-arrow-up-4'),
(681, 'icomoon-icon-arrow-up-right-2'),
(682, 'icomoon-icon-arrow-right-5'),
(683, 'icomoon-icon-arrow-down-right-2'),
(684, 'icomoon-icon-arrow-down-4'),
(685, 'icomoon-icon-arrow-down-left-2'),
(686, 'icomoon-icon-arrow-left-4'),
(687, 'icomoon-icon-arrow-up-left-3'),
(688, 'icomoon-icon-arrow-up-5'),
(689, 'icomoon-icon-arrow-up-right-3'),
(690, 'icomoon-icon-arrow-right-6'),
(691, 'icomoon-icon-arrow-down-right-3'),
(692, 'icomoon-icon-arrow-down-5'),
(693, 'icomoon-icon-arrow-down-left-3'),
(694, 'icomoon-icon-arrow-left-5'),
(695, 'icomoon-icon-arrow'),
(696, 'icomoon-icon-arrow-2'),
(697, 'icomoon-icon-arrow-3'),
(698, 'icomoon-icon-arrow-4'),
(699, 'icomoon-icon-arrow-up-left-4'),
(700, 'icomoon-icon-arrow-up-6'),
(701, 'icomoon-icon-arrow-up-right-4'),
(702, 'icomoon-icon-arrow-right-7'),
(703, 'icomoon-icon-arrow-down-right-4'),
(704, 'icomoon-icon-arrow-down-6'),
(705, 'icomoon-icon-arrow-down-left-4'),
(706, 'icomoon-icon-arrow-left-6'),
(707, 'icomoon-icon-arrow-up-left-5'),
(708, 'icomoon-icon-arrow-up-7'),
(709, 'icomoon-icon-arrow-up-right-5'),
(710, 'icomoon-icon-arrow-right-8'),
(711, 'icomoon-icon-arrow-down-right-5'),
(712, 'icomoon-icon-arrow-down-7'),
(713, 'icomoon-icon-arrow-down-left-5'),
(714, 'icomoon-icon-arrow-left-7'),
(715, 'icomoon-icon-arrow-up-8'),
(716, 'icomoon-icon-arrow-right-9'),
(717, 'icomoon-icon-arrow-down-8'),
(718, 'icomoon-icon-arrow-left-8'),
(719, 'icomoon-icon-arrow-up-9'),
(720, 'icomoon-icon-arrow-right-10'),
(721, 'icomoon-icon-arrow-down-9'),
(722, 'icomoon-icon-arrow-left-9'),
(723, 'icomoon-icon-arrow-up-10'),
(724, 'icomoon-icon-arrow-right-11'),
(725, 'icomoon-icon-arrow-down-10'),
(726, 'icomoon-icon-arrow-left-10'),
(727, 'icomoon-icon-arrow-up-11'),
(728, 'icomoon-icon-arrow-right-12'),
(729, 'icomoon-icon-arrow-down-11'),
(730, 'icomoon-icon-arrow-left-11'),
(731, 'icomoon-icon-enter-4'),
(732, 'icomoon-icon-enter-5'),
(733, 'icomoon-icon-esc'),
(734, 'icomoon-icon-backspace'),
(735, 'icomoon-icon-backspace-2'),
(736, 'icomoon-icon-backspace-3'),
(737, 'icomoon-icon-tab'),
(738, 'icomoon-icon-transmission'),
(739, 'icomoon-icon-transmission-2'),
(740, 'icomoon-icon-sort'),
(741, 'icomoon-icon-sort-2'),
(742, 'icomoon-icon-command'),
(743, 'icomoon-icon-checkbox-checked'),
(744, 'icomoon-icon-checkbox-unchecked'),
(745, 'icomoon-icon-checkbox-partial'),
(746, 'icomoon-icon-radio-checked'),
(747, 'icomoon-icon-radio-unchecked'),
(748, 'icomoon-icon-crop'),
(749, 'icomoon-icon-vector'),
(750, 'icomoon-icon-rulers'),
(751, 'icomoon-icon-scissors'),
(752, 'icomoon-icon-scissors-2'),
(753, 'icomoon-icon-filter'),
(754, 'icomoon-icon-filter-2'),
(755, 'icomoon-icon-filter-3'),
(756, 'icomoon-icon-filter-4'),
(757, 'icomoon-icon-font'),
(758, 'icomoon-icon-text-height'),
(759, 'icomoon-icon-text-width'),
(760, 'icomoon-icon-font-size'),
(761, 'icomoon-icon-bold'),
(762, 'icomoon-icon-underline'),
(763, 'icomoon-icon-italic'),
(764, 'icomoon-icon-strikethrough'),
(765, 'icomoon-icon-omega'),
(766, 'icomoon-icon-sigma'),
(767, 'icomoon-icon-nbsp'),
(768, 'icomoon-icon-page-break'),
(769, 'icomoon-icon-page-break-2'),
(770, 'icomoon-icon-superscript'),
(771, 'icomoon-icon-subscript'),
(772, 'icomoon-icon-superscript-2'),
(773, 'icomoon-icon-subscript-2'),
(774, 'icomoon-icon-text-color'),
(775, 'icomoon-icon-pagebreak'),
(776, 'icomoon-icon-clear-formatting'),
(777, 'icomoon-icon-table'),
(778, 'icomoon-icon-table-2'),
(779, 'icomoon-icon-insert-template'),
(780, 'icomoon-icon-pilcrow'),
(781, 'icomoon-icon-left-to-right'),
(782, 'icomoon-icon-right-to-left'),
(783, 'icomoon-icon-paragraph-left'),
(784, 'icomoon-icon-paragraph-center'),
(785, 'icomoon-icon-paragraph-right'),
(786, 'icomoon-icon-paragraph-justify'),
(787, 'icomoon-icon-paragraph-left-2'),
(788, 'icomoon-icon-paragraph-center-2'),
(789, 'icomoon-icon-paragraph-right-2'),
(790, 'icomoon-icon-paragraph-justify-2'),
(791, 'icomoon-icon-indent-increase'),
(792, 'icomoon-icon-indent-decrease'),
(793, 'icomoon-icon-share'),
(794, 'icomoon-icon-new-tab'),
(795, 'icomoon-icon-new-tab-2'),
(796, 'icomoon-icon-popout'),
(797, 'icomoon-icon-embed'),
(798, 'icomoon-icon-code'),
(799, 'icomoon-icon-console'),
(800, 'icomoon-icon-share-2'),
(801, 'icomoon-icon-share-3'),
(802, 'icomoon-icon-mail'),
(803, 'icomoon-icon-mail-2'),
(804, 'icomoon-icon-mail-3'),
(805, 'icomoon-icon-mail-4'),
(806, 'icomoon-icon-google'),
(807, 'icomoon-icon-google-plus'),
(808, 'icomoon-icon-google-plus-2'),
(809, 'icomoon-icon-google-plus-3'),
(810, 'icomoon-icon-google-plus-4'),
(811, 'icomoon-icon-google-drive'),
(812, 'icomoon-icon-facebook'),
(813, 'icomoon-icon-facebook-2'),
(814, 'icomoon-icon-facebook-3'),
(815, 'icomoon-icon-instagram'),
(816, 'icomoon-icon-twitter'),
(817, 'icomoon-icon-twitter-2'),
(818, 'icomoon-icon-twitter-3'),
(819, 'icomoon-icon-feed-2'),
(820, 'icomoon-icon-feed-3'),
(821, 'icomoon-icon-feed-4'),
(822, 'icomoon-icon-youtube'),
(823, 'icomoon-icon-youtube-2'),
(824, 'icomoon-icon-vimeo'),
(825, 'icomoon-icon-vimeo2'),
(826, 'icomoon-icon-vimeo-2'),
(827, 'icomoon-icon-lanyrd'),
(828, 'icomoon-icon-flickr'),
(829, 'icomoon-icon-flickr-2'),
(830, 'icomoon-icon-flickr-3'),
(831, 'icomoon-icon-flickr-4'),
(832, 'icomoon-icon-picassa'),
(833, 'icomoon-icon-picassa-2'),
(834, 'icomoon-icon-dribbble'),
(835, 'icomoon-icon-dribbble-2'),
(836, 'icomoon-icon-dribbble-3'),
(837, 'icomoon-icon-forrst'),
(838, 'icomoon-icon-forrst-2'),
(839, 'icomoon-icon-deviantart'),
(840, 'icomoon-icon-deviantart-2'),
(841, 'icomoon-icon-steam'),
(842, 'icomoon-icon-steam-2'),
(843, 'icomoon-icon-github'),
(844, 'icomoon-icon-github-2'),
(845, 'icomoon-icon-github-3'),
(846, 'icomoon-icon-github-4'),
(847, 'icomoon-icon-github-5'),
(848, 'icomoon-icon-wordpress'),
(849, 'icomoon-icon-wordpress-2'),
(850, 'icomoon-icon-joomla'),
(851, 'icomoon-icon-blogger'),
(852, 'icomoon-icon-blogger-2'),
(853, 'icomoon-icon-tumblr'),
(854, 'icomoon-icon-tumblr-2'),
(855, 'icomoon-icon-yahoo'),
(856, 'icomoon-icon-tux'),
(857, 'icomoon-icon-apple'),
(858, 'icomoon-icon-finder'),
(859, 'icomoon-icon-android'),
(860, 'icomoon-icon-windows'),
(861, 'icomoon-icon-windows8'),
(862, 'icomoon-icon-soundcloud'),
(863, 'icomoon-icon-soundcloud-2'),
(864, 'icomoon-icon-skype'),
(865, 'icomoon-icon-reddit'),
(866, 'icomoon-icon-linkedin'),
(867, 'icomoon-icon-lastfm'),
(868, 'icomoon-icon-lastfm-2'),
(869, 'icomoon-icon-delicious'),
(870, 'icomoon-icon-stumbleupon'),
(871, 'icomoon-icon-stumbleupon-2'),
(872, 'icomoon-icon-stackoverflow'),
(873, 'icomoon-icon-pinterest'),
(874, 'icomoon-icon-pinterest-2'),
(875, 'icomoon-icon-xing'),
(876, 'icomoon-icon-xing-2'),
(877, 'icomoon-icon-flattr'),
(878, 'icomoon-icon-foursquare'),
(879, 'icomoon-icon-foursquare-2'),
(880, 'icomoon-icon-paypal'),
(881, 'icomoon-icon-paypal-2'),
(882, 'icomoon-icon-paypal-3'),
(883, 'icomoon-icon-yelp'),
(884, 'icomoon-icon-libreoffice'),
(885, 'icomoon-icon-file-pdf'),
(886, 'icomoon-icon-file-openoffice'),
(887, 'icomoon-icon-file-word'),
(888, 'icomoon-icon-file-excel'),
(889, 'icomoon-icon-file-zip'),
(890, 'icomoon-icon-file-powerpoint'),
(891, 'icomoon-icon-file-xml'),
(892, 'icomoon-icon-file-css'),
(893, 'icomoon-icon-html5'),
(894, 'icomoon-icon-html5-2'),
(895, 'icomoon-icon-css3'),
(896, 'icomoon-icon-chrome'),
(897, 'icomoon-icon-firefox'),
(898, 'icomoon-icon-IE'),
(899, 'icomoon-icon-opera'),
(900, 'icomoon-icon-safari'),
(901, 'icomoon-icon-IcoMoon');

-- --------------------------------------------------------

--
-- Table structure for table `migrations`
--

CREATE TABLE `migrations` (
  `migration` varchar(255) COLLATE utf8_unicode_ci NOT NULL,
  `batch` int(11) NOT NULL
) ENGINE=InnoDB DEFAULT CHARSET=utf8 COLLATE=utf8_unicode_ci;

--
-- Dumping data for table `migrations`
--

INSERT INTO `migrations` (`migration`, `batch`) VALUES
('2015_07_30_000000_create_users_table', 1),
('2015_07_30_100000_create_password_resets_table', 1),
('2015_07_30_154005_update_users_table', 2),
('2016_05_07_192411_create_sessions_table', 3);

-- --------------------------------------------------------

--
-- Table structure for table `password_resets`
--

CREATE TABLE `password_resets` (
  `id` int(10) UNSIGNED NOT NULL,
  `email` varchar(255) COLLATE utf8_unicode_ci NOT NULL,
  `token` varchar(255) COLLATE utf8_unicode_ci NOT NULL,
  `created_at` timestamp NOT NULL DEFAULT '0000-00-00 00:00:00'
) ENGINE=InnoDB DEFAULT CHARSET=utf8 COLLATE=utf8_unicode_ci;

-- --------------------------------------------------------

--
-- Table structure for table `project`
--

CREATE TABLE `project` (
  `id` int(11) NOT NULL,
  `project_id` varchar(50) NOT NULL,
  `name` varchar(50) CHARACTER SET utf8 NOT NULL,
  `default_currency` int(11) NOT NULL COMMENT 'Foregin Key: crm_currency.id',
  `compile_status` tinyint(1) NOT NULL COMMENT '1=Compiled, 0=Not Compiled',
  `created_at` timestamp NULL DEFAULT NULL,
  `created_by` int(11) NOT NULL,
  `updated_at` timestamp NULL DEFAULT NULL,
  `updated_by` int(11) NOT NULL,
  `deleted_at` timestamp NULL DEFAULT NULL,
  `deleted_by` int(11) NOT NULL,
  `valid` tinyint(1) NOT NULL
) ENGINE=InnoDB DEFAULT CHARSET=latin1;

--
-- Dumping data for table `project`
--

INSERT INTO `project` (`id`, `project_id`, `name`, `default_currency`, `compile_status`, `created_at`, `created_by`, `updated_at`, `updated_by`, `deleted_at`, `deleted_by`, `valid`) VALUES
(1, '201811251', 'bdjobs', 1, 1, '2018-11-25 07:20:13', 1, '2018-12-06 11:00:57', 1, NULL, 0, 1),
(10, '202004261', 'Jhon', 3, 1, '2020-04-26 03:31:14', 1, '2020-04-26 04:44:26', 1, '2020-04-26 04:44:26', 1, 0);

-- --------------------------------------------------------

--
-- Table structure for table `project_access`
--

CREATE TABLE `project_access` (
  `id` int(11) NOT NULL,
  `link_id` int(11) NOT NULL COMMENT 'Foreign key: software_internal_link.id (link_id will be 0, when type = 1)',
  `menu_id` int(11) NOT NULL COMMENT 'Foreign key: software_menu.id (menu_id will be 0, when type = 2)',
  `type` int(11) NOT NULL COMMENT '1=Menu, 2=Internal Link',
  `project_id` int(11) NOT NULL COMMENT 'Foreign Key: project.id',
  `created_at` timestamp NULL DEFAULT NULL,
  `created_by` int(11) NOT NULL,
  `updated_at` timestamp NULL DEFAULT NULL,
  `updated_by` int(11) NOT NULL,
  `deleted_at` timestamp NULL DEFAULT NULL,
  `deleted_by` int(11) NOT NULL,
  `valid` tinyint(1) NOT NULL
) ENGINE=InnoDB DEFAULT CHARSET=latin1;

--
-- Dumping data for table `project_access`
--

INSERT INTO `project_access` (`id`, `link_id`, `menu_id`, `type`, `project_id`, `created_at`, `created_by`, `updated_at`, `updated_by`, `deleted_at`, `deleted_by`, `valid`) VALUES
(1, 0, 2, 1, 1, '2021-01-24 02:03:18', 1, '2021-01-24 02:03:18', 1, NULL, 0, 1),
(2, 0, 3, 1, 1, '2021-01-24 02:03:18', 1, '2021-01-24 02:03:18', 1, NULL, 0, 1),
(3, 0, 6, 1, 1, '2021-01-24 02:03:18', 1, '2021-01-24 02:03:18', 1, NULL, 0, 1),
(4, 0, 7, 1, 1, '2021-01-24 02:03:18', 1, '2021-01-24 02:03:18', 1, NULL, 0, 1),
(5, 0, 9, 1, 1, '2021-01-24 02:03:18', 1, '2021-01-24 02:03:18', 1, NULL, 0, 1),
(6, 0, 5, 1, 1, '2021-01-24 02:03:18', 1, '2021-01-24 02:03:18', 1, NULL, 0, 1),
(7, 1, 0, 2, 1, '2021-01-24 02:03:18', 1, '2021-01-24 02:03:18', 1, NULL, 0, 1),
(8, 2, 0, 2, 1, '2021-01-24 02:03:18', 1, '2021-01-24 02:03:18', 1, NULL, 0, 1),
(9, 3, 0, 2, 1, '2021-01-24 02:03:18', 1, '2021-01-24 02:03:18', 1, NULL, 0, 1),
(10, 4, 0, 2, 1, '2021-01-24 02:03:18', 1, '2021-01-24 02:03:18', 1, NULL, 0, 1),
(11, 5, 0, 2, 1, '2021-01-24 02:03:18', 1, '2021-01-24 02:03:18', 1, NULL, 0, 1),
(12, 0, 8, 1, 1, '2021-01-24 04:03:02', 1, '2021-01-24 04:03:02', 1, NULL, 0, 1),
(13, 6, 0, 2, 1, '2021-01-24 04:03:02', 1, '2021-01-24 04:03:02', 1, NULL, 0, 1),
(14, 7, 0, 2, 1, '2021-01-24 04:03:02', 1, '2021-01-24 04:03:02', 1, NULL, 0, 1),
(15, 8, 0, 2, 1, '2021-01-24 04:03:02', 1, '2021-01-24 04:03:02', 1, NULL, 0, 1),
(16, 9, 0, 2, 1, '2021-01-24 04:03:02', 1, '2021-01-24 04:03:02', 1, NULL, 0, 1),
(17, 0, 1, 1, 1, '2021-01-24 23:14:57', 1, '2021-01-24 23:14:57', 1, NULL, 0, 1),
(18, 0, 10, 1, 1, '2021-01-24 23:30:14', 1, '2021-01-24 23:30:14', 1, NULL, 0, 1),
(19, 10, 0, 2, 1, '2021-01-24 23:30:14', 1, '2021-01-24 23:30:14', 1, NULL, 0, 1),
(20, 11, 0, 2, 1, '2021-01-24 23:30:14', 1, '2021-01-24 23:30:14', 1, NULL, 0, 1),
(21, 12, 0, 2, 1, '2021-01-24 23:30:14', 1, '2021-01-24 23:30:14', 1, NULL, 0, 1),
(22, 13, 0, 2, 1, '2021-01-24 23:30:14', 1, '2021-01-24 23:30:14', 1, NULL, 0, 1),
(23, 0, 11, 1, 1, '2021-01-24 23:57:23', 1, '2021-01-24 23:57:23', 1, NULL, 0, 1),
(24, 14, 0, 2, 1, '2021-01-24 23:57:23', 1, '2021-01-24 23:57:23', 1, NULL, 0, 1),
(25, 15, 0, 2, 1, '2021-01-24 23:57:23', 1, '2021-01-24 23:57:23', 1, NULL, 0, 1),
(26, 16, 0, 2, 1, '2021-01-24 23:57:23', 1, '2021-01-24 23:57:23', 1, NULL, 0, 1),
(27, 17, 0, 2, 1, '2021-01-24 23:57:23', 1, '2021-01-24 23:57:23', 1, NULL, 0, 1),
(28, 0, 12, 1, 1, '2021-01-25 00:37:07', 1, '2021-01-25 00:37:07', 1, NULL, 0, 1),
(29, 18, 0, 2, 1, '2021-01-25 00:37:07', 1, '2021-01-25 00:37:07', 1, NULL, 0, 1),
(30, 19, 0, 2, 1, '2021-01-25 00:37:07', 1, '2021-01-25 00:37:07', 1, NULL, 0, 1),
(31, 20, 0, 2, 1, '2021-01-25 00:37:07', 1, '2021-01-25 00:37:07', 1, NULL, 0, 1),
(32, 21, 0, 2, 1, '2021-01-25 00:37:07', 1, '2021-01-25 00:37:07', 1, NULL, 0, 1),
(33, 0, 13, 1, 1, '2021-01-25 01:01:52', 1, '2021-01-25 01:01:52', 1, NULL, 0, 1),
(34, 22, 0, 2, 1, '2021-01-25 01:01:52', 1, '2021-01-25 01:01:52', 1, NULL, 0, 1),
(35, 23, 0, 2, 1, '2021-01-25 01:01:52', 1, '2021-01-25 01:01:52', 1, NULL, 0, 1),
(36, 24, 0, 2, 1, '2021-01-25 01:01:52', 1, '2021-01-25 01:01:52', 1, NULL, 0, 1),
(37, 25, 0, 2, 1, '2021-01-25 01:01:52', 1, '2021-01-25 01:01:52', 1, NULL, 0, 1),
(38, 0, 14, 1, 1, '2021-01-25 23:31:28', 1, '2021-01-25 23:31:28', 1, NULL, 0, 1),
(39, 0, 15, 1, 1, '2021-01-28 00:10:36', 1, '2021-01-28 00:10:36', 1, NULL, 0, 1),
(40, 0, 16, 1, 1, '2021-01-31 05:10:59', 1, '2021-01-31 05:10:59', 1, NULL, 0, 1),
(41, 0, 17, 1, 1, '2021-02-01 00:27:08', 1, '2021-02-01 00:27:08', 1, NULL, 0, 1),
(42, 27, 0, 2, 1, '2021-02-01 00:27:08', 1, '2021-02-01 00:27:08', 1, NULL, 0, 1),
(43, 28, 0, 2, 1, '2021-02-01 00:27:08', 1, '2021-02-01 00:27:08', 1, NULL, 0, 1),
(44, 29, 0, 2, 1, '2021-02-01 00:27:08', 1, '2021-02-01 00:27:08', 1, NULL, 0, 1),
(45, 30, 0, 2, 1, '2021-02-01 00:27:08', 1, '2021-02-01 00:27:08', 1, NULL, 0, 1),
(46, 0, 18, 1, 1, '2021-02-01 00:58:14', 1, '2021-02-01 00:58:14', 1, NULL, 0, 1),
(47, 31, 0, 2, 1, '2021-02-01 00:58:14', 1, '2021-02-01 00:58:14', 1, NULL, 0, 1),
(48, 32, 0, 2, 1, '2021-02-01 00:58:14', 1, '2021-02-01 00:58:14', 1, NULL, 0, 1),
(49, 33, 0, 2, 1, '2021-02-01 00:58:14', 1, '2021-02-01 00:58:14', 1, NULL, 0, 1),
(50, 34, 0, 2, 1, '2021-02-01 00:58:14', 1, '2021-02-01 00:58:14', 1, NULL, 0, 1),
(51, 0, 19, 1, 1, '2021-02-01 03:23:38', 1, '2021-02-01 03:23:38', 1, NULL, 0, 1),
(52, 0, 20, 1, 1, '2021-02-06 01:50:58', 1, '2021-02-06 01:50:58', 1, NULL, 0, 1);

-- --------------------------------------------------------

--
-- Table structure for table `project_info`
--

CREATE TABLE `project_info` (
  `id` int(11) NOT NULL,
  `project_id` int(11) NOT NULL,
  `company_name` varchar(100) CHARACTER SET utf8 NOT NULL,
  `logo` varchar(50) NOT NULL,
  `address` text CHARACTER SET utf8 NOT NULL,
  `street` varchar(100) CHARACTER SET utf8 NOT NULL,
  `city` varchar(100) CHARACTER SET utf8 NOT NULL,
  `state` varchar(100) CHARACTER SET utf8 NOT NULL,
  `post_code` varchar(20) CHARACTER SET utf8 NOT NULL,
  `country` int(11) NOT NULL COMMENT 'Foreign Key: en_country.id',
  `mobile` varchar(50) CHARACTER SET utf8 NOT NULL,
  `office_phone` varchar(50) CHARACTER SET utf8 NOT NULL,
  `fax` varchar(100) CHARACTER SET utf8 NOT NULL,
  `email` varchar(100) NOT NULL,
  `website` varchar(100) NOT NULL,
  `created_at` timestamp NULL DEFAULT NULL,
  `created_by` int(11) NOT NULL,
  `updated_at` timestamp NULL DEFAULT NULL,
  `updated_by` int(11) NOT NULL,
  `deleted_at` timestamp NULL DEFAULT NULL,
  `deleted_by` int(11) NOT NULL,
  `valid` int(11) NOT NULL
) ENGINE=InnoDB DEFAULT CHARSET=latin1;

--
-- Dumping data for table `project_info`
--

INSERT INTO `project_info` (`id`, `project_id`, `company_name`, `logo`, `address`, `street`, `city`, `state`, `post_code`, `country`, `mobile`, `office_phone`, `fax`, `email`, `website`, `created_at`, `created_by`, `updated_at`, `updated_by`, `deleted_at`, `deleted_by`, `valid`) VALUES
(1, 1, 'BD Jobs', '1544094052.png', 'Kawran Bazar, Dhaka-1207', 'Banglamatar road', 'Dhaka', 'Dhaka', '1207', 1, '01673060262', '5306262', '', 'development@iisbd.com', 'http://bdjobs.com/', '2018-11-25 07:20:13', 1, '2018-12-06 11:00:57', 1, NULL, 0, 1),
(4, 10, 'IISBD', '1587893470.jpeg', '', '', '', '', '', 60, '01738201055', '', '', 'admin@example.com', '', '2020-04-26 03:31:14', 1, '2020-04-26 04:44:26', 1, '2020-04-26 04:44:26', 1, 0);

-- --------------------------------------------------------

--
-- Table structure for table `project_social_link`
--

CREATE TABLE `project_social_link` (
  `id` int(11) NOT NULL,
  `project_id` int(11) NOT NULL,
  `facebook` varchar(55) NOT NULL,
  `twitter` varchar(55) NOT NULL,
  `google_plus` varchar(55) NOT NULL,
  `linkedin` varchar(55) NOT NULL,
  `created_at` timestamp NULL DEFAULT NULL,
  `created_by` int(11) NOT NULL,
  `updated_at` timestamp NULL DEFAULT NULL,
  `updated_by` int(11) NOT NULL,
  `deleted_at` timestamp NULL DEFAULT NULL,
  `deleted_by` int(11) NOT NULL,
  `valid` tinyint(1) NOT NULL
) ENGINE=InnoDB DEFAULT CHARSET=latin1;

-- --------------------------------------------------------

--
-- Table structure for table `request_for_information`
--

CREATE TABLE `request_for_information` (
  `id` int(11) NOT NULL,
  `service_request_id` int(11) NOT NULL COMMENT 'f.k = service_request.id',
  `request_chain_id` int(11) NOT NULL COMMENT 'FK= service_requested_chain.id',
  `req_from_employee_id` int(11) NOT NULL,
  `req_to_employee_id` int(11) NOT NULL,
  `note` text NOT NULL,
  `seen_status` tinyint(4) NOT NULL DEFAULT 0 COMMENT '0 = not seen,\r\n1 = seen',
  `created_at` timestamp NULL DEFAULT NULL,
  `created_by` int(11) NOT NULL,
  `updated_at` timestamp NULL DEFAULT NULL,
  `updated_by` int(11) NOT NULL,
  `deleted_at` timestamp NULL DEFAULT NULL,
  `deleted_by` int(11) NOT NULL,
  `project_id` int(11) NOT NULL,
  `valid` tinyint(4) NOT NULL
) ENGINE=InnoDB DEFAULT CHARSET=utf8mb4;

--
-- Dumping data for table `request_for_information`
--

INSERT INTO `request_for_information` (`id`, `service_request_id`, `request_chain_id`, `req_from_employee_id`, `req_to_employee_id`, `note`, `seen_status`, `created_at`, `created_by`, `updated_at`, `updated_by`, `deleted_at`, `deleted_by`, `project_id`, `valid`) VALUES
(1, 3, 16, 1, 17, '<p>vai</p>', 0, '2021-02-02 06:11:35', 1, '2021-02-02 06:12:23', 17, NULL, 0, 1, 1),
(2, 3, 16, 17, 1, '<p><strong style=\"margin: 0px; padding: 0px; font-family: &quot;Open Sans&quot;, Arial, sans-serif; font-size: 14px; text-align: justify;\">Lorem Ipsum</strong><span style=\"font-family: &quot;Open Sans&quot;, Arial, sans-serif; font-size: 14px; text-align: justify;\">&nbsp;is simply dummy text of the printing and typesetting industry. Lorem Ipsum has been the industry\'s standard dummy text ever since the 1500s, when an unknown printer took a galley of type and scrambled it to make a type specimen book. It has survived not only five centuries,</span><br></p>', 1, '2021-02-02 06:14:18', 17, '2021-02-06 00:29:45', 1, NULL, 0, 1, 1),
(3, 3, 16, 1, 4, '<p><span style=\"font-family: &quot;Open Sans&quot;, Arial, sans-serif; font-size: 14px; text-align: justify;\">It is a long established fact that a reader will be distracted by the readable content of a page when looking at its layout. The point of using Lorem Ipsum is that it has a more-or-less normal distribution of letters, as opposed to using \'Content here, content here\', making it look like readable English.&nbsp;</span><br></p>', 0, '2021-02-03 01:02:52', 1, '2021-02-03 01:35:53', 1, NULL, 0, 1, 1),
(4, 3, 16, 1, 17, '<p><span style=\"font-family: &quot;Open Sans&quot;, Arial, sans-serif; font-size: 14px; text-align: justify;\">It is a long established fact that a reader will be distracted by the readable content of a page when looking at its layout. The point of using Lorem Ipsum is that it has a more-or-less normal distribution of letters, as opposed to using \'Content here, content here\', making it look like readable English.&nbsp;</span><br></p>', 0, '2021-02-03 01:13:54', 1, '2021-02-03 05:53:22', 17, NULL, 0, 1, 1),
(5, 3, 16, 1, 17, '<p><span style=\"font-family: &quot;Open Sans&quot;, Arial, sans-serif; font-size: 14px; text-align: justify;\">It is a long established fact that a reader will be distracted by the readable content of a page when looking at its layout. The point of using Lorem Ipsum is that it has a more-or-less normal distribution of letters, as opposed to using \'Content here, content here\', making it look like readable English.&nbsp;</span><br></p>', 0, '2021-02-03 01:14:29', 1, '2021-02-03 05:51:01', 17, NULL, 0, 1, 1),
(6, 3, 19, 1, 17, '<p><span style=\"color: rgb(51, 51, 51);\">It is a long established fact that a reader will be distracted by the readable content of a page when looking at its layout. The point of using Lorem Ipsum is that it has a more-or-less normal distribution of letters, as opposed to using \'Content here, content here\', making it look like readable English.&amp;nbsp;</span><br></p>', 0, '2021-02-03 02:46:58', 1, '2021-02-03 05:50:57', 17, NULL, 0, 1, 1),
(7, 3, 16, 1, 17, '<p><span style=\"font-family: &quot;Open Sans&quot;, Arial, sans-serif; font-size: 14px; text-align: justify;\">It is a long established fact that a reader will be distracted by the readable content of a page when looking at its layout. The point of using Lorem Ipsum is that it has a more-or-less normal distribution of letters, as opposed to using \'Content here, content here\', making it look like readable English.&nbsp;</span><br></p>', 1, '2021-02-03 03:04:44', 1, '2021-02-06 04:27:19', 17, NULL, 0, 1, 1),
(8, 3, 16, 17, 1, '<p>Hello! Can you do it ? <br></p>', 1, '2021-02-03 03:21:49', 17, '2021-02-04 06:27:30', 1, NULL, 0, 1, 1),
(9, 3, 18, 17, 1, '<p>Do you have enough money.<br></p>', 1, '2021-02-03 03:58:22', 17, '2021-02-03 05:48:53', 1, NULL, 0, 1, 1),
(10, 3, 16, 1, 4, '<p>amar eita moinamar eita mone hosseamar eita mone hosseamar eita mone hosseamar eita mone hosseamar eita mone hosseamar eita mone hosseamar eita mone hosseamar eita mone hosseamar eita mone hosseamar eita mone hosseamar eita mone hosseamar eita mone hosseamar eita mone hosseamar eita mone hosseamar eita mone hosseamar eita mone hosseamar eita mone hosseamar eita mone hosseamar eita mone hosseamar eita mone hosseamar eita mone hosseamar eita mone hosseamar eita mone hosseamar eita mone hosseamar eita mone hosseamar eita mone hosseamar eita mone hosseamar eita mone hosseamar eita mone hosseamar eita mone hosseamar eita mone hosseamar eita mone hosseamar eita mone hosseamar eita mone hosseamar eita mone hosseamar eita mone hosseamar eita mone hosseamar eita mone hosseamar eita mone hosseamar eita mone hosseamar eita mone hosse</p>', 0, '2021-02-04 00:48:28', 1, '2021-02-04 00:48:28', 1, NULL, 0, 1, 1),
(11, 1, 16, 1, 17, '<p>gfgf</p>', 1, '2021-02-04 01:10:18', 1, '2021-02-06 04:27:18', 17, NULL, 0, 1, 1),
(12, 1, 16, 1, 4, '<p>den vai den</p>', 0, '2021-02-06 01:30:51', 1, '2021-02-06 01:30:51', 1, NULL, 0, 1, 1);

-- --------------------------------------------------------

--
-- Table structure for table `service_category`
--

CREATE TABLE `service_category` (
  `id` int(11) NOT NULL,
  `name` varchar(150) NOT NULL,
  `description` text DEFAULT NULL,
  `approval_status` tinyint(4) NOT NULL COMMENT '0=Manual, 1=Auto',
  `created_at` timestamp NULL DEFAULT NULL,
  `created_by` int(11) NOT NULL,
  `updated_at` timestamp NULL DEFAULT NULL,
  `updated_by` int(11) NOT NULL,
  `deleted_at` timestamp NULL DEFAULT NULL,
  `deleted_by` int(11) NOT NULL,
  `project_id` int(11) NOT NULL,
  `valid` tinyint(1) NOT NULL
) ENGINE=InnoDB DEFAULT CHARSET=utf8mb4;

--
-- Dumping data for table `service_category`
--

INSERT INTO `service_category` (`id`, `name`, `description`, `approval_status`, `created_at`, `created_by`, `updated_at`, `updated_by`, `deleted_at`, `deleted_by`, `project_id`, `valid`) VALUES
(1, 'Stationary', 'Nothing', 1, '2021-01-30 03:39:08', 1, '2021-02-07 04:58:51', 1, NULL, 0, 1, 1),
(2, 'IT Service', 'Nothing', 1, '2021-01-30 03:39:33', 1, '2021-02-07 03:37:49', 1, NULL, 0, 1, 1),
(13, 'Others', 'n/a', 0, '2021-02-07 00:43:41', 1, '2021-02-07 04:54:11', 1, NULL, 0, 1, 1);

-- --------------------------------------------------------

--
-- Table structure for table `service_request`
--

CREATE TABLE `service_request` (
  `id` int(11) NOT NULL,
  `service_category_id` int(11) NOT NULL COMMENT 'foraign key of service_category',
  `request_type` tinyint(4) NOT NULL COMMENT '0=Menual, 1=Auto',
  `title` varchar(200) NOT NULL,
  `details` text NOT NULL,
  `is_approx_date` tinyint(4) DEFAULT NULL COMMENT '1=Yes, 0=No',
  `approximate_date` date DEFAULT NULL,
  `is_approx_amount` tinyint(4) DEFAULT NULL COMMENT '1=Yes, 0=No',
  `approximate_amount` int(11) DEFAULT NULL,
  `created_at` timestamp NULL DEFAULT NULL,
  `created_by` int(11) NOT NULL,
  `created_by_type` tinyint(4) NOT NULL,
  `updated_at` timestamp NULL DEFAULT NULL,
  `updated_by` int(11) NOT NULL,
  `updated_by_type` tinyint(4) NOT NULL,
  `deleted_at` timestamp NULL DEFAULT NULL,
  `deleted_by` int(11) NOT NULL,
  `deleted_by_type` tinyint(4) NOT NULL,
  `project_id` int(11) NOT NULL,
  `valid` tinyint(1) NOT NULL
) ENGINE=InnoDB DEFAULT CHARSET=utf8mb4;

--
-- Dumping data for table `service_request`
--

INSERT INTO `service_request` (`id`, `service_category_id`, `request_type`, `title`, `details`, `is_approx_date`, `approximate_date`, `is_approx_amount`, `approximate_amount`, `created_at`, `created_by`, `created_by_type`, `updated_at`, `updated_by`, `updated_by_type`, `deleted_at`, `deleted_by`, `deleted_by_type`, `project_id`, `valid`) VALUES
(1, 2, 1, 'Need a Mouse', 'Sir I need a mouse. <br>', NULL, NULL, NULL, NULL, '2021-02-06 23:19:25', 1, 2, '2021-02-06 23:19:25', 1, 2, NULL, 0, 0, 1, 1),
(2, 2, 1, 'Need a Headphone', '<p>Need a Headphone<br></p>', NULL, NULL, NULL, NULL, '2021-02-07 03:07:14', 4, 2, '2021-02-07 03:07:14', 4, 2, NULL, 0, 0, 1, 1);

-- --------------------------------------------------------

--
-- Table structure for table `service_requested_chain`
--

CREATE TABLE `service_requested_chain` (
  `id` int(11) NOT NULL,
  `service_req_id` int(11) NOT NULL COMMENT 'PK=service_request.id',
  `employee_id` int(11) NOT NULL COMMENT 'PK=ed_provider_user.id',
  `sl_no` int(11) NOT NULL,
  `approve_status` tinyint(4) NOT NULL COMMENT '1=approve, 0=pending, 2=decline',
  `active_chain_req` tinyint(4) NOT NULL DEFAULT 0 COMMENT '0=inactive,1=active',
  `approved_datetime` datetime NOT NULL,
  `arrival_date` timestamp NULL DEFAULT NULL,
  `receive_status` tinyint(4) NOT NULL COMMENT '0=deactive\r\n1=active\r\n',
  `receive_date` timestamp NULL DEFAULT NULL,
  `request_type` tinyint(4) NOT NULL DEFAULT 0 COMMENT '0 = urgent\r\n1 = general',
  `created_at` timestamp NULL DEFAULT NULL,
  `created_by` int(11) NOT NULL,
  `updated_at` timestamp NULL DEFAULT NULL,
  `updated_by` int(11) NOT NULL,
  `deleted_at` timestamp NULL DEFAULT NULL,
  `deleted_by` int(11) NOT NULL,
  `project_id` int(11) NOT NULL,
  `valid` tinyint(1) NOT NULL
) ENGINE=InnoDB DEFAULT CHARSET=utf8mb4;

--
-- Dumping data for table `service_requested_chain`
--

INSERT INTO `service_requested_chain` (`id`, `service_req_id`, `employee_id`, `sl_no`, `approve_status`, `active_chain_req`, `approved_datetime`, `arrival_date`, `receive_status`, `receive_date`, `request_type`, `created_at`, `created_by`, `updated_at`, `updated_by`, `deleted_at`, `deleted_by`, `project_id`, `valid`) VALUES
(1, 1, 1, 1, 1, 0, '2021-02-07 05:41:25', NULL, 1, '2021-02-06 23:21:04', 0, '2021-02-06 23:19:25', 1, '2021-02-06 23:41:25', 1, NULL, 0, 1, 1),
(2, 1, 4, 2, 1, 1, '2021-02-07 08:48:36', '2021-02-07 02:48:36', 1, '2021-02-07 02:46:17', 0, '2021-02-06 23:19:25', 1, '2021-02-07 02:48:36', 4, NULL, 0, 1, 1),
(3, 1, 17, 3, 0, 0, '0000-00-00 00:00:00', NULL, 0, NULL, 0, '2021-02-06 23:19:25', 1, '2021-02-06 23:19:25', 1, NULL, 0, 1, 1),
(4, 2, 1, 1, 1, 0, '2021-02-07 09:18:59', NULL, 1, '2021-02-07 03:08:44', 0, '2021-02-07 03:07:14', 4, '2021-02-07 03:18:59', 1, NULL, 0, 1, 1),
(5, 2, 4, 2, 1, 0, '2021-02-07 10:03:15', '2021-02-07 03:48:09', 1, '2021-02-07 03:19:39', 0, '2021-02-07 03:07:14', 4, '2021-02-07 04:03:15', 4, NULL, 0, 1, 1),
(6, 2, 17, 3, 0, 1, '0000-00-00 00:00:00', '2021-02-07 04:03:15', 0, NULL, 0, '2021-02-07 03:07:14', 4, '2021-02-07 04:03:15', 4, NULL, 0, 1, 1);

-- --------------------------------------------------------

--
-- Table structure for table `service_request_approved_attachments`
--

CREATE TABLE `service_request_approved_attachments` (
  `id` int(11) NOT NULL,
  `approve_record_id` int(11) NOT NULL COMMENT 'FK=service_request_approved_records.id',
  `attachment_name` varchar(190) NOT NULL,
  `attachment_real_name` text NOT NULL,
  `attachment_size` varchar(50) NOT NULL,
  `attachment_thumb` text NOT NULL,
  `created_by` int(11) DEFAULT NULL COMMENT 'Foreign Key: en_users.id',
  `updated_by` int(11) DEFAULT NULL,
  `created_at` timestamp NULL DEFAULT NULL,
  `updated_at` timestamp NULL DEFAULT NULL,
  `deleted_at` timestamp NULL DEFAULT NULL,
  `deleted_by` int(11) DEFAULT NULL,
  `project_id` int(11) NOT NULL,
  `valid` tinyint(1) NOT NULL
) ENGINE=InnoDB DEFAULT CHARSET=latin1 ROW_FORMAT=COMPACT;

--
-- Dumping data for table `service_request_approved_attachments`
--

INSERT INTO `service_request_approved_attachments` (`id`, `approve_record_id`, `attachment_name`, `attachment_real_name`, `attachment_size`, `attachment_thumb`, `created_by`, `updated_by`, `created_at`, `updated_at`, `deleted_at`, `deleted_by`, `project_id`, `valid`) VALUES
(1, 1, '1612676480.png', 'client', '57456', '', 1, 1, '2021-02-06 23:41:25', '2021-02-06 23:41:25', NULL, NULL, 1, 1),
(2, 1, '1612676470.png', 'staff', '70266', '', 1, 1, '2021-02-06 23:41:25', '2021-02-06 23:41:25', NULL, NULL, 1, 1),
(3, 2, '1612687713.png', 'staff', '70266', '', 4, 4, '2021-02-07 02:48:36', '2021-02-07 02:48:36', NULL, NULL, 1, 1),
(4, 2, '1612687702.jpeg', 'Advance-Certificate-Course-CSE', '75428', '', 4, 4, '2021-02-07 02:48:36', '2021-02-07 02:48:36', NULL, NULL, 1, 1),
(5, 3, '1612689535.jpeg', '147139821_1123304098091139_6950985287280535500_n', '29507', '', 1, 1, '2021-02-07 03:18:59', '2021-02-07 03:18:59', NULL, NULL, 1, 1);

-- --------------------------------------------------------

--
-- Table structure for table `service_request_approved_records`
--

CREATE TABLE `service_request_approved_records` (
  `id` int(11) NOT NULL,
  `service_req_id` int(11) NOT NULL COMMENT 'Foreign key: service_request.id',
  `employee_id` int(11) NOT NULL COMMENT 'PK=ed_provider_user.id 	',
  `req_chain_id` int(11) NOT NULL COMMENT 'FK=service_requested_chain.id',
  `note` text DEFAULT NULL,
  `created_at` timestamp NULL DEFAULT NULL,
  `created_by` int(11) NOT NULL,
  `updated_at` timestamp NULL DEFAULT NULL,
  `updated_by` int(11) NOT NULL,
  `deleted_at` timestamp NULL DEFAULT NULL,
  `deleted_by` int(11) NOT NULL,
  `project_id` int(11) NOT NULL,
  `valid` tinyint(1) NOT NULL
) ENGINE=InnoDB DEFAULT CHARSET=utf8mb4;

--
-- Dumping data for table `service_request_approved_records`
--

INSERT INTO `service_request_approved_records` (`id`, `service_req_id`, `employee_id`, `req_chain_id`, `note`, `created_at`, `created_by`, `updated_at`, `updated_by`, `deleted_at`, `deleted_by`, `project_id`, `valid`) VALUES
(1, 1, 1, 1, '<p>Ok I am going to approve it. You get your mouse as soon as possible.&nbsp;</p>', '2021-02-06 23:41:25', 1, '2021-02-06 23:41:25', 1, NULL, 0, 1, 1),
(2, 1, 4, 2, 'Ok Approved<br>', '2021-02-07 02:48:36', 4, '2021-02-07 02:48:36', 4, NULL, 0, 1, 1),
(3, 2, 1, 4, '<p>Okey Approved</p>', '2021-02-07 03:18:59', 1, '2021-02-07 03:18:59', 1, NULL, 0, 1, 1),
(6, 2, 4, 5, '<p>Ok Approved.:)<br></p>', '2021-02-07 04:03:15', 4, '2021-02-07 04:03:15', 4, NULL, 0, 1, 1);

-- --------------------------------------------------------

--
-- Table structure for table `service_request_attachments`
--

CREATE TABLE `service_request_attachments` (
  `id` int(11) NOT NULL,
  `service_request_id` int(11) NOT NULL COMMENT 'en_classroom_class.id',
  `attachment_name` varchar(190) NOT NULL,
  `attachment_real_name` text NOT NULL,
  `attachment_size` varchar(50) NOT NULL,
  `attachment_thumb` text NOT NULL,
  `created_by` int(11) DEFAULT NULL COMMENT 'Foreign Key: en_users.id',
  `updated_by` int(11) DEFAULT NULL,
  `created_at` timestamp NULL DEFAULT NULL,
  `updated_at` timestamp NULL DEFAULT NULL,
  `deleted_at` timestamp NULL DEFAULT NULL,
  `deleted_by` int(11) DEFAULT NULL,
  `project_id` int(11) NOT NULL,
  `valid` tinyint(1) NOT NULL
) ENGINE=InnoDB DEFAULT CHARSET=latin1 ROW_FORMAT=COMPACT;

--
-- Dumping data for table `service_request_attachments`
--

INSERT INTO `service_request_attachments` (`id`, `service_request_id`, `attachment_name`, `attachment_real_name`, `attachment_size`, `attachment_thumb`, `created_by`, `updated_by`, `created_at`, `updated_at`, `deleted_at`, `deleted_by`, `project_id`, `valid`) VALUES
(1, 1, '1612675163.png', 'client', '57456', '', 1, 1, '2021-02-06 23:19:25', '2021-02-06 23:19:25', NULL, NULL, 1, 1),
(2, 1, '1612675153.jpeg', 'Advance-Certificate-Course-CSE', '75428', '', 1, 1, '2021-02-06 23:19:25', '2021-02-06 23:19:25', NULL, NULL, 1, 1),
(3, 2, '1612688832.jpeg', 'Advance-Certificate-Course-CSE', '75428', '', 4, 4, '2021-02-07 03:07:14', '2021-02-07 03:07:14', NULL, NULL, 1, 1);

-- --------------------------------------------------------

--
-- Table structure for table `service_request_feedback_attachments`
--

CREATE TABLE `service_request_feedback_attachments` (
  `id` int(11) NOT NULL,
  `service_Info_id` int(11) NOT NULL COMMENT 'request_for_information.id',
  `attachment_name` varchar(190) NOT NULL,
  `attachment_real_name` text NOT NULL,
  `attachment_size` varchar(50) NOT NULL,
  `attachment_thumb` text NOT NULL,
  `created_by` int(11) DEFAULT NULL COMMENT 'Foreign Key: en_users.id',
  `updated_by` int(11) DEFAULT NULL,
  `created_at` timestamp NULL DEFAULT NULL,
  `updated_at` timestamp NULL DEFAULT NULL,
  `deleted_at` timestamp NULL DEFAULT NULL,
  `deleted_by` int(11) DEFAULT NULL,
  `project_id` int(11) NOT NULL,
  `valid` tinyint(1) NOT NULL
) ENGINE=InnoDB DEFAULT CHARSET=latin1 ROW_FORMAT=COMPACT;

-- --------------------------------------------------------

--
-- Table structure for table `service_request_poke`
--

CREATE TABLE `service_request_poke` (
  `id` int(11) NOT NULL,
  `service_requested_chain_id` int(11) NOT NULL COMMENT 'FK of service_requested_chain.id',
  `employee_id` int(11) NOT NULL COMMENT 'FK of en_provider_user.id',
  `poke_quantity` int(11) NOT NULL,
  `created_at` timestamp NULL DEFAULT NULL,
  `created_by` int(11) NOT NULL,
  `updated_at` timestamp NULL DEFAULT NULL,
  `updated_by` int(11) NOT NULL,
  `deleted_at` timestamp NULL DEFAULT NULL,
  `deleted_by` int(11) NOT NULL,
  `project_id` int(11) NOT NULL,
  `valid` tinyint(1) NOT NULL
) ENGINE=InnoDB DEFAULT CHARSET=utf8mb4;

--
-- Dumping data for table `service_request_poke`
--

INSERT INTO `service_request_poke` (`id`, `service_requested_chain_id`, `employee_id`, `poke_quantity`, `created_at`, `created_by`, `updated_at`, `updated_by`, `deleted_at`, `deleted_by`, `project_id`, `valid`) VALUES
(1, 2, 4, 5, '2021-02-07 01:40:51', 1, '2021-02-07 02:34:18', 1, NULL, 0, 1, 1),
(2, 6, 17, 5, '2021-02-07 04:03:54', 1, '2021-02-07 23:19:03', 1, NULL, 0, 1, 1);

-- --------------------------------------------------------

--
-- Table structure for table `service_request_send_attachments`
--

CREATE TABLE `service_request_send_attachments` (
  `id` int(11) NOT NULL,
  `request_info_id` int(11) NOT NULL COMMENT 'request_for_information.id',
  `attachment_name` varchar(190) NOT NULL,
  `attachment_real_name` text NOT NULL,
  `attachment_size` varchar(50) NOT NULL,
  `attachment_thumb` text NOT NULL,
  `created_by` int(11) DEFAULT NULL COMMENT 'Foreign Key: en_users.id',
  `updated_by` int(11) DEFAULT NULL,
  `created_at` timestamp NULL DEFAULT NULL,
  `updated_at` timestamp NULL DEFAULT NULL,
  `deleted_at` timestamp NULL DEFAULT NULL,
  `deleted_by` int(11) DEFAULT NULL,
  `project_id` int(11) NOT NULL,
  `valid` tinyint(1) NOT NULL
) ENGINE=InnoDB DEFAULT CHARSET=latin1 ROW_FORMAT=COMPACT;

-- --------------------------------------------------------

--
-- Table structure for table `sessions`
--

CREATE TABLE `sessions` (
  `id` varchar(255) COLLATE utf8_unicode_ci NOT NULL,
  `payload` text COLLATE utf8_unicode_ci NOT NULL,
  `last_activity` int(11) NOT NULL
) ENGINE=InnoDB DEFAULT CHARSET=utf8 COLLATE=utf8_unicode_ci;

-- --------------------------------------------------------

--
-- Table structure for table `social_link`
--

CREATE TABLE `social_link` (
  `id` int(11) NOT NULL,
  `social_logo` varchar(33) NOT NULL,
  `fa_icon` varchar(150) NOT NULL,
  `social_link` varchar(99) NOT NULL,
  `short_link` tinyint(4) NOT NULL DEFAULT 0 COMMENT '1=Yes, 0=No',
  `created_at` timestamp NULL DEFAULT NULL,
  `created_by` int(11) NOT NULL,
  `updated_at` timestamp NULL DEFAULT NULL,
  `updated_by` int(11) NOT NULL,
  `deleted_at` timestamp NULL DEFAULT NULL,
  `deleted_by` int(11) NOT NULL,
  `project_id` int(11) NOT NULL,
  `valid` tinyint(4) NOT NULL
) ENGINE=InnoDB DEFAULT CHARSET=latin1;

--
-- Dumping data for table `social_link`
--

INSERT INTO `social_link` (`id`, `social_logo`, `fa_icon`, `social_link`, `short_link`, `created_at`, `created_by`, `updated_at`, `updated_by`, `deleted_at`, `deleted_by`, `project_id`, `valid`) VALUES
(1, '1591701621.png', 'fa fa-linkedin', 'https://www.linkedin.com/feed/', 0, NULL, 0, '2020-08-21 15:36:22', 1, NULL, 0, 0, 1),
(2, '1591701324.png', 'fa fa-flickr', 'https://www.flickr.com/photos/rasheddop/albums', 1, NULL, 0, '2020-06-09 05:23:00', 1, NULL, 0, 0, 1),
(3, '1591701292.png', 'fa fa-facebook-square', 'https://www.facebook.com/rashed.zaman.94', 0, NULL, 0, '2020-06-09 05:14:57', 1, NULL, 0, 0, 1),
(4, '1591701234.png', 'fa fa-instagram', 'https://instagram.com/rashed.zaman/', 1, NULL, 0, '2020-06-26 03:41:18', 1, NULL, 0, 0, 1),
(5, '1591700984.png', 'fa fa-vimeo', 'https://vimeo.com/user25203430', 1, NULL, 0, '2020-06-09 05:22:52', 1, NULL, 0, 0, 1),
(6, '1591700948.png', 'fa fa-imdb', 'https://www.imdb.com/name/nm2664131/?ref_=pro_nm_visitcons', 1, NULL, 0, '2020-06-09 05:22:47', 1, NULL, 0, 0, 1),
(7, '1593642290.png', 'fa fa-youtube', 'https://www.youtube.com/channel/UCSeXiGDNcNFe6nkED5HKXhg', 0, '2020-07-02 05:23:43', 1, '2020-07-02 05:24:53', 1, NULL, 0, 1, 1);

-- --------------------------------------------------------

--
-- Stand-in structure for view `software_access`
-- (See below for the actual view)
--
CREATE TABLE `software_access` (
`id` int(11)
,`link_id` int(11)
,`menu_id` int(11)
,`user_id` int(11)
,`route` varchar(151)
,`resource` tinyint(4)
,`module_id` int(11)
,`type` int(1)
,`module_name` varchar(200)
,`menu_name` varchar(50)
,`link_name` varchar(50)
,`updated_at` timestamp
);

-- --------------------------------------------------------

--
-- Table structure for table `software_access_old`
--

CREATE TABLE `software_access_old` (
  `id` int(11) DEFAULT NULL,
  `link_id` int(11) DEFAULT NULL,
  `menu_id` int(11) DEFAULT NULL,
  `user_id` int(11) DEFAULT NULL,
  `route` varchar(151) DEFAULT NULL,
  `resource` tinyint(4) DEFAULT NULL,
  `module_id` int(11) DEFAULT NULL,
  `type` int(1) DEFAULT NULL,
  `module_name` varchar(200) DEFAULT NULL,
  `menu_name` varchar(50) DEFAULT NULL,
  `link_name` varchar(50) DEFAULT NULL,
  `updated_at` timestamp NOT NULL DEFAULT current_timestamp() ON UPDATE current_timestamp()
) ENGINE=InnoDB DEFAULT CHARSET=utf8mb4;

-- --------------------------------------------------------

--
-- Table structure for table `software_folder`
--

CREATE TABLE `software_folder` (
  `id` int(11) NOT NULL,
  `folder_name` varchar(50) NOT NULL
) ENGINE=InnoDB DEFAULT CHARSET=latin1;

--
-- Dumping data for table `software_folder`
--

INSERT INTO `software_folder` (`id`, `folder_name`) VALUES
(2, 'Provider'),
(3, 'Corporate');

-- --------------------------------------------------------

--
-- Table structure for table `software_internal_link`
--

CREATE TABLE `software_internal_link` (
  `id` int(11) NOT NULL,
  `link_name` varchar(50) NOT NULL,
  `route` varchar(50) NOT NULL,
  `menu_id` int(11) NOT NULL COMMENT 'Foreign key: software_menu.id',
  `resource` tinyint(1) NOT NULL COMMENT '1=Yes, 0=No',
  `crm_auto_access` tinyint(1) NOT NULL COMMENT '1=Yes, 0=No',
  `status` tinyint(1) NOT NULL COMMENT '1=Active, 0=Inactive',
  `created_at` timestamp NULL DEFAULT NULL,
  `created_by` int(11) NOT NULL,
  `updated_at` timestamp NULL DEFAULT NULL,
  `updated_by` int(11) NOT NULL,
  `deleted_at` timestamp NULL DEFAULT NULL,
  `deleted_by` int(11) NOT NULL,
  `valid` tinyint(1) NOT NULL
) ENGINE=InnoDB DEFAULT CHARSET=latin1;

--
-- Dumping data for table `software_internal_link`
--

INSERT INTO `software_internal_link` (`id`, `link_name`, `route`, `menu_id`, `resource`, `crm_auto_access`, `status`, `created_at`, `created_by`, `updated_at`, `updated_by`, `deleted_at`, `deleted_by`, `valid`) VALUES
(1, 'Add', 'employee.create', 6, 1, 0, 1, '2021-01-23 00:49:40', 1, '2021-01-23 00:49:40', 1, NULL, 0, 1),
(2, 'Edit', 'employee.edit', 6, 1, 0, 1, '2021-01-23 00:49:40', 1, '2021-01-23 00:49:40', 1, NULL, 0, 1),
(3, 'Delete', 'employee.destroy', 6, 1, 0, 1, '2021-01-23 00:49:40', 1, '2021-01-23 00:49:40', 1, NULL, 0, 1),
(4, 'Show', 'employee.show', 6, 1, 0, 1, '2021-01-23 00:49:40', 1, '2021-01-23 00:49:40', 1, NULL, 0, 1),
(5, 'Access', 'employeeAccess', 6, 0, 0, 1, '2021-01-23 05:28:33', 1, '2021-01-23 05:28:33', 1, NULL, 0, 1),
(6, 'Add', 'employeeDesignation.create', 8, 1, 0, 1, '2021-01-24 04:02:42', 1, '2021-01-24 04:02:42', 1, NULL, 0, 1),
(7, 'Edit', 'employeeDesignation.edit', 8, 1, 0, 1, '2021-01-24 04:02:42', 1, '2021-01-24 04:02:42', 1, NULL, 0, 1),
(8, 'Delete', 'employeeDesignation.destroy', 8, 1, 0, 1, '2021-01-24 04:02:42', 1, '2021-01-24 04:02:42', 1, NULL, 0, 1),
(9, 'Show', 'employeeDesignation.show', 8, 1, 0, 1, '2021-01-24 04:02:42', 1, '2021-01-24 04:02:42', 1, NULL, 0, 1),
(10, 'Add', 'department.create', 10, 1, 0, 1, '2021-01-24 23:16:00', 1, '2021-01-24 23:16:00', 1, NULL, 0, 1),
(11, 'Edit', 'department.edit', 10, 1, 0, 1, '2021-01-24 23:16:00', 1, '2021-01-24 23:16:00', 1, NULL, 0, 1),
(12, 'Delete', 'department.destroy', 10, 1, 0, 1, '2021-01-24 23:16:00', 1, '2021-01-24 23:16:00', 1, NULL, 0, 1),
(13, 'Show', 'department.show', 10, 1, 0, 1, '2021-01-24 23:16:00', 1, '2021-01-24 23:16:00', 1, NULL, 0, 1),
(14, 'add', 'serviceCategory.create', 11, 1, 0, 1, '2021-01-24 23:56:29', 1, '2021-01-24 23:56:29', 1, NULL, 0, 1),
(15, 'edit', 'serviceCategory.edit', 11, 1, 0, 1, '2021-01-24 23:56:29', 1, '2021-01-24 23:56:29', 1, NULL, 0, 1),
(16, 'delete', 'serviceCategory.destroy', 11, 1, 0, 1, '2021-01-24 23:56:29', 1, '2021-01-24 23:56:29', 1, NULL, 0, 1),
(17, 'show', 'serviceCategory.show', 11, 1, 0, 1, '2021-01-24 23:56:29', 1, '2021-01-24 23:56:29', 1, NULL, 0, 1),
(18, 'Add', 'chain.create', 12, 1, 0, 1, '2021-01-25 00:35:45', 1, '2021-01-25 23:29:58', 1, '2021-01-25 23:29:58', 1, 0),
(19, 'Edit', 'chain.edit', 12, 1, 0, 1, '2021-01-25 00:35:45', 1, '2021-01-25 23:29:54', 1, '2021-01-25 23:29:54', 1, 0),
(20, 'Delete', 'chain.destroy', 12, 1, 0, 1, '2021-01-25 00:35:45', 1, '2021-01-25 23:29:50', 1, '2021-01-25 23:29:50', 1, 0),
(21, 'Show', 'chain.show', 12, 1, 0, 1, '2021-01-25 00:35:45', 1, '2021-01-25 23:29:46', 1, '2021-01-25 23:29:46', 1, 0),
(22, 'add', 'serviceRequest.create', 13, 1, 0, 1, '2021-01-25 00:56:39', 1, '2021-01-25 00:56:39', 1, NULL, 0, 1),
(23, 'edit', 'serviceRequest.edit', 13, 1, 0, 1, '2021-01-25 00:56:39', 1, '2021-01-25 00:56:39', 1, NULL, 0, 1),
(24, 'delete', 'serviceRequest.destroy', 13, 1, 0, 1, '2021-01-25 00:56:39', 1, '2021-01-25 00:56:39', 1, NULL, 0, 1),
(25, 'show', 'serviceRequest.show', 13, 1, 0, 1, '2021-01-25 00:56:39', 1, '2021-01-25 00:56:39', 1, NULL, 0, 1),
(26, 'request_info', 'request_info', 16, 0, 0, 1, '2021-01-31 05:09:59', 1, '2021-01-31 05:10:24', 1, '2021-01-31 05:10:24', 1, 0),
(27, 'Add', 'requestInfoSend.create', 17, 1, 0, 1, '2021-02-01 00:26:50', 1, '2021-02-01 00:55:58', 1, '2021-02-01 00:55:58', 1, 0),
(28, 'Edit', 'requestInfoSend.edit', 17, 1, 0, 1, '2021-02-01 00:26:50', 1, '2021-02-01 00:56:10', 1, '2021-02-01 00:56:10', 1, 0),
(29, 'Delete', 'requestInfoSend.destroy', 17, 1, 0, 1, '2021-02-01 00:26:50', 1, '2021-02-01 00:56:05', 1, '2021-02-01 00:56:05', 1, 0),
(30, 'Show', 'requestInfoSend.show', 17, 1, 0, 1, '2021-02-01 00:26:50', 1, '2021-02-01 00:56:02', 1, '2021-02-01 00:56:02', 1, 0),
(31, 'Add', 'requestInfoSend.create', 18, 1, 0, 1, '2021-02-01 00:57:46', 1, '2021-02-01 00:57:46', 1, NULL, 0, 1),
(32, 'Edit', 'requestInfoSend.edit', 18, 1, 0, 1, '2021-02-01 00:57:46', 1, '2021-02-01 00:57:46', 1, NULL, 0, 1),
(33, 'Delete', 'requestInfoSend.destroy', 18, 1, 0, 1, '2021-02-01 00:57:46', 1, '2021-02-01 00:57:46', 1, NULL, 0, 1),
(34, 'Show', 'requestInfoSend.show', 18, 1, 0, 1, '2021-02-01 00:57:46', 1, '2021-02-01 00:57:46', 1, NULL, 0, 1);

-- --------------------------------------------------------

--
-- Table structure for table `software_internal_link_access`
--

CREATE TABLE `software_internal_link_access` (
  `id` int(11) NOT NULL,
  `link_id` int(11) NOT NULL COMMENT 'Foreign key: software_internal_link.id',
  `user_id` int(11) NOT NULL COMMENT 'Foreign key: users.id',
  `created_at` timestamp NULL DEFAULT NULL,
  `created_by` int(11) NOT NULL,
  `created_by_type` tinyint(4) NOT NULL COMMENT '1=Admin, 2=User',
  `updated_at` timestamp NULL DEFAULT NULL,
  `updated_by` int(11) NOT NULL,
  `updated_by_type` tinyint(4) NOT NULL COMMENT '1=Admin, 2=User',
  `deleted_at` timestamp NULL DEFAULT NULL,
  `deleted_by` int(11) NOT NULL,
  `deleted_by_type` tinyint(4) NOT NULL COMMENT '1=Admin, 2=User',
  `project_id` int(11) NOT NULL,
  `valid` tinyint(1) NOT NULL
) ENGINE=InnoDB DEFAULT CHARSET=latin1;

--
-- Dumping data for table `software_internal_link_access`
--

INSERT INTO `software_internal_link_access` (`id`, `link_id`, `user_id`, `created_at`, `created_by`, `created_by_type`, `updated_at`, `updated_by`, `updated_by_type`, `deleted_at`, `deleted_by`, `deleted_by_type`, `project_id`, `valid`) VALUES
(1, 1, 1, '2021-01-24 02:03:48', 1, 1, '2021-01-24 02:03:48', 1, 1, NULL, 0, 0, 1, 1),
(2, 2, 1, '2021-01-24 02:03:48', 1, 1, '2021-01-24 02:03:48', 1, 1, NULL, 0, 0, 1, 1),
(3, 3, 1, '2021-01-24 02:03:48', 1, 1, '2021-01-24 02:03:48', 1, 1, NULL, 0, 0, 1, 1),
(4, 4, 1, '2021-01-24 02:03:48', 1, 1, '2021-01-24 02:03:48', 1, 1, NULL, 0, 0, 1, 1),
(5, 5, 1, '2021-01-24 02:03:48', 1, 1, '2021-01-24 02:03:48', 1, 1, NULL, 0, 0, 1, 1),
(6, 6, 1, '2021-01-24 04:03:20', 1, 1, '2021-01-24 04:03:20', 1, 1, NULL, 0, 0, 1, 1),
(7, 7, 1, '2021-01-24 04:03:20', 1, 1, '2021-01-24 04:03:20', 1, 1, NULL, 0, 0, 1, 1),
(8, 8, 1, '2021-01-24 04:03:20', 1, 1, '2021-01-24 04:03:20', 1, 1, NULL, 0, 0, 1, 1),
(9, 9, 1, '2021-01-24 04:03:20', 1, 1, '2021-01-24 04:03:20', 1, 1, NULL, 0, 0, 1, 1),
(10, 10, 1, '2021-01-24 23:30:43', 1, 1, '2021-01-24 23:30:43', 1, 1, NULL, 0, 0, 1, 1),
(11, 11, 1, '2021-01-24 23:30:43', 1, 1, '2021-01-24 23:30:43', 1, 1, NULL, 0, 0, 1, 1),
(12, 12, 1, '2021-01-24 23:30:43', 1, 1, '2021-01-24 23:30:43', 1, 1, NULL, 0, 0, 1, 1),
(13, 13, 1, '2021-01-24 23:30:43', 1, 1, '2021-01-24 23:30:43', 1, 1, NULL, 0, 0, 1, 1),
(14, 14, 1, '2021-01-24 23:58:27', 1, 1, '2021-01-24 23:58:27', 1, 1, NULL, 0, 0, 1, 1),
(15, 15, 1, '2021-01-24 23:58:27', 1, 1, '2021-01-24 23:58:27', 1, 1, NULL, 0, 0, 1, 1),
(16, 16, 1, '2021-01-24 23:58:27', 1, 1, '2021-01-24 23:58:27', 1, 1, NULL, 0, 0, 1, 1),
(17, 17, 1, '2021-01-24 23:58:27', 1, 1, '2021-01-24 23:58:27', 1, 1, NULL, 0, 0, 1, 1),
(18, 18, 1, '2021-01-25 00:52:02', 1, 1, '2021-01-25 00:52:02', 1, 1, NULL, 0, 0, 1, 1),
(19, 19, 1, '2021-01-25 00:52:02', 1, 1, '2021-01-25 00:52:02', 1, 1, NULL, 0, 0, 1, 1),
(20, 20, 1, '2021-01-25 00:52:02', 1, 1, '2021-01-25 00:52:02', 1, 1, NULL, 0, 0, 1, 1),
(21, 21, 1, '2021-01-25 00:52:02', 1, 1, '2021-01-25 00:52:02', 1, 1, NULL, 0, 0, 1, 1),
(22, 22, 1, '2021-01-25 01:02:16', 1, 1, '2021-01-25 01:02:16', 1, 1, NULL, 0, 0, 1, 1),
(23, 23, 1, '2021-01-25 01:02:16', 1, 1, '2021-01-25 01:02:16', 1, 1, NULL, 0, 0, 1, 1),
(24, 24, 1, '2021-01-25 01:02:16', 1, 1, '2021-01-25 01:02:16', 1, 1, NULL, 0, 0, 1, 1),
(25, 25, 1, '2021-01-25 01:02:16', 1, 1, '2021-01-25 01:02:16', 1, 1, NULL, 0, 0, 1, 1),
(26, 27, 1, '2021-02-01 00:27:15', 1, 1, '2021-02-01 00:27:15', 1, 1, NULL, 0, 0, 1, 1),
(27, 28, 1, '2021-02-01 00:27:15', 1, 1, '2021-02-01 00:27:15', 1, 1, NULL, 0, 0, 1, 1),
(28, 29, 1, '2021-02-01 00:27:16', 1, 1, '2021-02-01 00:27:16', 1, 1, NULL, 0, 0, 1, 1),
(29, 30, 1, '2021-02-01 00:27:16', 1, 1, '2021-02-01 00:27:16', 1, 1, NULL, 0, 0, 1, 1),
(30, 31, 1, '2021-02-01 00:58:23', 1, 1, '2021-02-01 00:58:23', 1, 1, NULL, 0, 0, 1, 1),
(31, 32, 1, '2021-02-01 00:58:23', 1, 1, '2021-02-01 00:58:23', 1, 1, NULL, 0, 0, 1, 1),
(32, 33, 1, '2021-02-01 00:58:23', 1, 1, '2021-02-01 00:58:23', 1, 1, NULL, 0, 0, 1, 1),
(33, 34, 1, '2021-02-01 00:58:23', 1, 1, '2021-02-01 00:58:23', 1, 1, NULL, 0, 0, 1, 1),
(34, 22, 17, '2021-02-02 05:37:02', 1, 1, '2021-02-02 05:37:02', 1, 1, NULL, 0, 0, 1, 1),
(35, 23, 17, '2021-02-02 05:37:02', 1, 1, '2021-02-02 05:37:02', 1, 1, NULL, 0, 0, 1, 1),
(36, 24, 17, '2021-02-02 05:37:02', 1, 1, '2021-02-02 05:37:02', 1, 1, NULL, 0, 0, 1, 1),
(37, 25, 17, '2021-02-02 05:37:02', 1, 1, '2021-02-02 05:37:02', 1, 1, NULL, 0, 0, 1, 1),
(38, 31, 17, '2021-02-02 05:37:02', 1, 1, '2021-02-02 05:37:02', 1, 1, NULL, 0, 0, 1, 1),
(39, 32, 17, '2021-02-02 05:37:02', 1, 1, '2021-02-02 05:37:02', 1, 1, NULL, 0, 0, 1, 1),
(40, 33, 17, '2021-02-02 05:37:02', 1, 1, '2021-02-02 05:37:02', 1, 1, NULL, 0, 0, 1, 1),
(41, 34, 17, '2021-02-02 05:37:02', 1, 1, '2021-02-02 05:37:02', 1, 1, NULL, 0, 0, 1, 1),
(42, 22, 4, '2021-02-07 02:45:31', 1, 2, '2021-02-07 02:45:31', 1, 2, NULL, 0, 0, 1, 1),
(43, 23, 4, '2021-02-07 02:45:31', 1, 2, '2021-02-07 02:45:31', 1, 2, NULL, 0, 0, 1, 1),
(44, 24, 4, '2021-02-07 02:45:31', 1, 2, '2021-02-07 02:45:31', 1, 2, NULL, 0, 0, 1, 1),
(45, 25, 4, '2021-02-07 02:45:31', 1, 2, '2021-02-07 02:45:31', 1, 2, NULL, 0, 0, 1, 1),
(46, 31, 4, '2021-02-07 02:45:31', 1, 2, '2021-02-07 02:45:31', 1, 2, NULL, 0, 0, 1, 1),
(47, 32, 4, '2021-02-07 02:45:31', 1, 2, '2021-02-07 02:45:31', 1, 2, NULL, 0, 0, 1, 1),
(48, 33, 4, '2021-02-07 02:45:31', 1, 2, '2021-02-07 02:45:31', 1, 2, NULL, 0, 0, 1, 1),
(49, 34, 4, '2021-02-07 02:45:31', 1, 2, '2021-02-07 02:45:31', 1, 2, NULL, 0, 0, 1, 1);

-- --------------------------------------------------------

--
-- Table structure for table `software_menu`
--

CREATE TABLE `software_menu` (
  `id` int(11) NOT NULL,
  `menu_name` varchar(50) CHARACTER SET utf8 NOT NULL,
  `menu_icon` varchar(50) NOT NULL,
  `route` varchar(50) NOT NULL,
  `parent_id` int(11) NOT NULL COMMENT 'Foreign key: self.id',
  `module_id` int(11) NOT NULL COMMENT 'Foreign key: software_modules.id',
  `resource` tinyint(1) NOT NULL COMMENT '1=Yes, 0=No',
  `crm_auto_access` tinyint(1) NOT NULL COMMENT '1=Yes, 0=No',
  `sl_no` tinyint(4) NOT NULL,
  `status` tinyint(1) NOT NULL COMMENT '1=Active, 0=Inactive',
  `created_at` timestamp NULL DEFAULT NULL,
  `created_by` int(11) NOT NULL,
  `updated_at` timestamp NULL DEFAULT NULL,
  `updated_by` int(11) NOT NULL,
  `deleted_at` timestamp NULL DEFAULT NULL,
  `deleted_by` int(11) NOT NULL,
  `valid` tinyint(1) NOT NULL
) ENGINE=InnoDB DEFAULT CHARSET=latin1;

--
-- Dumping data for table `software_menu`
--

INSERT INTO `software_menu` (`id`, `menu_name`, `menu_icon`, `route`, `parent_id`, `module_id`, `resource`, `crm_auto_access`, `sl_no`, `status`, `created_at`, `created_by`, `updated_at`, `updated_by`, `deleted_at`, `deleted_by`, `valid`) VALUES
(1, 'Dashboard', 'icomoon-icon-home', 'dashboard', 0, 1, 0, 0, 1, 1, '2021-01-23 00:32:12', 1, '2021-01-25 01:01:33', 1, NULL, 0, 1),
(2, 'Home', 'icomoon-icon-home-2', 'dashboard', 0, 2, 0, 0, 1, 1, '2021-01-23 00:41:17', 1, '2021-01-23 00:50:04', 1, NULL, 0, 1),
(3, 'Admin', 'icomoon-icon-woman', '#', 0, 2, 0, 0, 2, 1, '2021-01-23 00:45:29', 1, '2021-01-23 00:50:04', 1, NULL, 0, 1),
(4, 'Configuration', 'icomoon-icon-stopwatch', '#', 0, 1, 0, 0, 0, 1, '2021-01-23 00:46:21', 1, '2021-01-23 00:55:55', 1, '2021-01-23 00:55:55', 1, 0),
(5, 'Back Office Setup', 'icomoon-icon-archive', '#', 0, 2, 0, 0, 4, 1, '2021-01-23 00:47:09', 1, '2021-01-23 00:56:51', 1, NULL, 0, 1),
(6, 'User', 'icomoon-icon-accessibility', 'employee.index', 3, 2, 1, 0, 1, 1, '2021-01-23 00:49:06', 1, '2021-01-23 00:50:04', 1, NULL, 0, 1),
(7, 'Configuration', 'icomoon-icon-stopwatch', '#', 0, 2, 0, 0, 3, 1, '2021-01-23 00:56:20', 1, '2021-01-23 00:56:51', 1, NULL, 0, 1),
(8, 'Designation', 'icomoon-icon-accessibility-2', 'employeeDesignation.index', 5, 2, 1, 0, 1, 1, '2021-01-23 02:45:55', 1, '2021-01-23 03:08:26', 1, NULL, 0, 1),
(9, 'Menu Sorting', 'icomoon-icon-archive', 'menuSorting', 7, 2, 0, 0, 1, 1, '2021-01-23 05:41:40', 1, '2021-01-23 05:42:37', 1, NULL, 0, 1),
(10, 'Department', 'icomoon-icon-barcode', 'department.index', 5, 2, 1, 0, 2, 1, '2021-01-24 23:15:29', 1, '2021-01-24 23:26:21', 1, NULL, 0, 1),
(11, 'Service Category', 'icomoon-icon-archive', 'serviceCategory.index', 5, 2, 1, 0, 3, 1, '2021-01-24 23:55:46', 1, '2021-01-24 23:56:57', 1, NULL, 0, 1),
(12, 'Chain', 'icomoon-icon-archive', 'chain.index', 0, 2, 1, 0, 5, 1, '2021-01-25 00:35:24', 1, '2021-01-25 23:29:36', 1, '2021-01-25 23:29:36', 1, 0),
(13, 'Service Request', 'icomoon-icon-basket-2', 'serviceRequest.index', 0, 1, 1, 0, 2, 1, '2021-01-25 00:56:08', 1, '2021-01-25 01:01:33', 1, NULL, 0, 1),
(14, 'Chain', 'icomoon-icon-settings', 'supply-chain', 0, 2, 0, 0, 5, 1, '2021-01-25 23:30:57', 1, '2021-01-25 23:31:16', 1, NULL, 0, 1),
(15, 'Request Received', 'icomoon-icon-barcode', 'request-approved', 0, 1, 0, 0, 3, 1, '2021-01-27 23:57:44', 1, '2021-01-31 01:22:48', 1, NULL, 0, 1),
(16, 'Request Info', 'icomoon-icon-bars-3', 'request_info', 0, 1, 0, 0, 4, 1, '2021-01-31 05:09:37', 1, '2021-02-01 00:25:55', 1, '2021-02-01 00:25:55', 1, 0),
(17, 'Request Info', 'icomoon-icon-archive', '#', 0, 1, 0, 0, 4, 1, '2021-02-01 00:26:33', 1, '2021-02-01 00:56:33', 1, NULL, 0, 1),
(18, 'Request Send', 'icomoon-icon-arrow-right-4', 'requestInfoSend.index', 17, 1, 1, 0, 2, 1, '2021-02-01 00:57:24', 1, '2021-02-01 03:23:27', 1, NULL, 0, 1),
(19, 'Request Receive', 'icomoon-icon-arrow-down-6', 'requestReceive', 17, 1, 0, 0, 1, 1, '2021-02-01 03:23:15', 1, '2021-02-01 03:23:27', 1, NULL, 0, 1),
(20, 'Ready For Job', 'icomoon-icon-crown', 'ready_for_job', 0, 1, 0, 0, 5, 1, '2021-02-06 01:48:54', 1, '2021-02-06 01:49:08', 1, NULL, 0, 1);

-- --------------------------------------------------------

--
-- Table structure for table `software_menu_access`
--

CREATE TABLE `software_menu_access` (
  `id` int(11) NOT NULL,
  `menu_id` int(11) NOT NULL COMMENT 'Foreign key: software_menu.id',
  `user_id` int(11) NOT NULL COMMENT 'Foreign key: users.id',
  `created_at` timestamp NULL DEFAULT NULL,
  `created_by` int(11) NOT NULL,
  `created_by_type` tinyint(4) NOT NULL COMMENT '1=Admin, 2=User',
  `updated_at` timestamp NULL DEFAULT NULL,
  `updated_by` int(11) NOT NULL,
  `updated_by_type` tinyint(4) NOT NULL COMMENT '1=Admin, 2=User',
  `deleted_at` timestamp NULL DEFAULT NULL,
  `deleted_by` int(11) NOT NULL,
  `deleted_by_type` tinyint(4) NOT NULL COMMENT '1=Admin, 2=User',
  `project_id` int(11) NOT NULL,
  `valid` tinyint(1) NOT NULL
) ENGINE=InnoDB DEFAULT CHARSET=latin1;

--
-- Dumping data for table `software_menu_access`
--

INSERT INTO `software_menu_access` (`id`, `menu_id`, `user_id`, `created_at`, `created_by`, `created_by_type`, `updated_at`, `updated_by`, `updated_by_type`, `deleted_at`, `deleted_by`, `deleted_by_type`, `project_id`, `valid`) VALUES
(1, 2, 1, '2021-01-24 02:03:48', 1, 1, '2021-01-24 02:03:48', 1, 1, NULL, 0, 0, 1, 1),
(2, 3, 1, '2021-01-24 02:03:48', 1, 1, '2021-01-24 02:03:48', 1, 1, NULL, 0, 0, 1, 1),
(3, 6, 1, '2021-01-24 02:03:48', 1, 1, '2021-01-24 02:03:48', 1, 1, NULL, 0, 0, 1, 1),
(4, 7, 1, '2021-01-24 02:03:48', 1, 1, '2021-01-24 02:03:48', 1, 1, NULL, 0, 0, 1, 1),
(5, 9, 1, '2021-01-24 02:03:48', 1, 1, '2021-01-24 02:03:48', 1, 1, NULL, 0, 0, 1, 1),
(6, 5, 1, '2021-01-24 02:03:48', 1, 1, '2021-01-24 02:03:48', 1, 1, NULL, 0, 0, 1, 1),
(7, 8, 1, '2021-01-24 04:03:20', 1, 1, '2021-01-24 04:03:20', 1, 1, NULL, 0, 0, 1, 1),
(8, 10, 1, '2021-01-24 23:30:43', 1, 1, '2021-01-24 23:30:43', 1, 1, NULL, 0, 0, 1, 1),
(9, 1, 1, '2021-01-24 23:31:11', 1, 1, '2021-01-24 23:31:11', 1, 1, NULL, 0, 0, 1, 1),
(10, 11, 1, '2021-01-24 23:58:27', 1, 1, '2021-01-24 23:58:27', 1, 1, NULL, 0, 0, 1, 1),
(11, 12, 1, '2021-01-25 00:52:01', 1, 1, '2021-01-25 23:46:06', 1, 1, '2021-01-25 23:46:06', 1, 1, 1, 0),
(12, 13, 1, '2021-01-25 01:02:16', 1, 1, '2021-01-25 01:02:16', 1, 1, NULL, 0, 0, 1, 1),
(13, 14, 1, '2021-01-25 23:46:06', 1, 1, '2021-01-25 23:46:06', 1, 1, NULL, 0, 0, 1, 1),
(14, 15, 1, '2021-01-28 00:10:52', 1, 1, '2021-01-28 00:10:57', 1, 1, '2021-01-28 00:10:57', 1, 1, 1, 0),
(15, 15, 1, '2021-01-28 00:17:56', 1, 1, '2021-01-28 00:17:56', 1, 1, NULL, 0, 0, 1, 1),
(16, 16, 1, '2021-01-31 05:13:44', 1, 1, '2021-02-01 00:27:15', 1, 1, '2021-02-01 00:27:15', 1, 1, 1, 0),
(17, 17, 1, '2021-02-01 00:27:15', 1, 1, '2021-02-01 00:27:15', 1, 1, NULL, 0, 0, 1, 1),
(18, 18, 1, '2021-02-01 00:58:23', 1, 1, '2021-02-01 00:58:23', 1, 1, NULL, 0, 0, 1, 1),
(19, 19, 1, '2021-02-01 03:25:17', 1, 1, '2021-02-01 03:25:30', 1, 1, '2021-02-01 03:25:30', 1, 1, 1, 0),
(20, 19, 1, '2021-02-01 03:26:01', 1, 1, '2021-02-01 03:26:01', 1, 1, NULL, 0, 0, 1, 1),
(21, 1, 17, '2021-02-02 05:37:02', 1, 1, '2021-02-02 05:37:02', 1, 1, NULL, 0, 0, 1, 1),
(22, 13, 17, '2021-02-02 05:37:02', 1, 1, '2021-02-02 05:37:02', 1, 1, NULL, 0, 0, 1, 1),
(23, 15, 17, '2021-02-02 05:37:02', 1, 1, '2021-02-02 05:37:02', 1, 1, NULL, 0, 0, 1, 1),
(24, 17, 17, '2021-02-02 05:37:02', 1, 1, '2021-02-02 05:37:02', 1, 1, NULL, 0, 0, 1, 1),
(25, 19, 17, '2021-02-02 05:37:02', 1, 1, '2021-02-02 05:37:02', 1, 1, NULL, 0, 0, 1, 1),
(26, 18, 17, '2021-02-02 05:37:02', 1, 1, '2021-02-02 05:37:02', 1, 1, NULL, 0, 0, 1, 1),
(27, 20, 1, '2021-02-06 01:51:05', 1, 1, '2021-02-06 01:51:05', 1, 1, NULL, 0, 0, 1, 1),
(28, 1, 4, '2021-02-07 02:45:31', 1, 2, '2021-02-07 02:45:31', 1, 2, NULL, 0, 0, 1, 1),
(29, 13, 4, '2021-02-07 02:45:31', 1, 2, '2021-02-07 02:45:31', 1, 2, NULL, 0, 0, 1, 1),
(30, 15, 4, '2021-02-07 02:45:31', 1, 2, '2021-02-07 02:45:31', 1, 2, NULL, 0, 0, 1, 1),
(31, 17, 4, '2021-02-07 02:45:31', 1, 2, '2021-02-07 02:45:31', 1, 2, NULL, 0, 0, 1, 1),
(32, 19, 4, '2021-02-07 02:45:31', 1, 2, '2021-02-07 02:45:31', 1, 2, NULL, 0, 0, 1, 1),
(33, 18, 4, '2021-02-07 02:45:31', 1, 2, '2021-02-07 02:45:31', 1, 2, NULL, 0, 0, 1, 1),
(34, 20, 4, '2021-02-07 02:45:31', 1, 2, '2021-02-07 02:45:31', 1, 2, NULL, 0, 0, 1, 1);

-- --------------------------------------------------------

--
-- Table structure for table `software_menu_sorting`
--

CREATE TABLE `software_menu_sorting` (
  `id` int(11) NOT NULL,
  `menu_id` int(11) NOT NULL COMMENT 'Foreign key: software_menu.id',
  `parent_id` int(11) NOT NULL COMMENT 'Foreign key: software_menu.id',
  `sl_no` int(11) NOT NULL,
  `created_at` timestamp NULL DEFAULT NULL,
  `created_by` int(11) NOT NULL,
  `updated_at` timestamp NULL DEFAULT NULL,
  `updated_by` int(11) NOT NULL,
  `deleted_at` timestamp NULL DEFAULT NULL,
  `deleted_by` int(11) NOT NULL,
  `project_id` int(11) NOT NULL,
  `valid` tinyint(1) NOT NULL
) ENGINE=InnoDB DEFAULT CHARSET=latin1;

--
-- Dumping data for table `software_menu_sorting`
--

INSERT INTO `software_menu_sorting` (`id`, `menu_id`, `parent_id`, `sl_no`, `created_at`, `created_by`, `updated_at`, `updated_by`, `deleted_at`, `deleted_by`, `project_id`, `valid`) VALUES
(1, 2, 0, 1, '2021-01-23 05:49:56', 1, '2021-01-23 05:49:56', 1, NULL, 0, 1, 1),
(2, 3, 0, 2, '2021-01-23 05:49:56', 1, '2021-01-23 05:49:56', 1, NULL, 0, 1, 1),
(3, 6, 3, 1, '2021-01-23 05:49:56', 1, '2021-01-24 03:59:04', 1, NULL, 0, 1, 1),
(4, 7, 0, 3, '2021-01-23 05:49:56', 1, '2021-01-24 03:59:04', 1, NULL, 0, 1, 1),
(5, 9, 7, 1, '2021-01-23 05:49:56', 1, '2021-01-24 03:35:23', 1, NULL, 0, 1, 1),
(6, 5, 0, 4, '2021-01-23 05:49:56', 1, '2021-01-24 03:59:04', 1, NULL, 0, 1, 1),
(7, 8, 5, 1, '2021-01-23 05:49:57', 1, '2021-01-23 05:49:57', 1, NULL, 0, 1, 1);

-- --------------------------------------------------------

--
-- Table structure for table `software_modules`
--

CREATE TABLE `software_modules` (
  `id` int(11) NOT NULL,
  `module_name` varchar(200) CHARACTER SET utf8 NOT NULL,
  `sort_name` varchar(50) NOT NULL,
  `module_icon` varchar(50) NOT NULL,
  `url_prefix` varchar(50) NOT NULL,
  `route_prefix` varchar(50) NOT NULL,
  `folder_id` int(11) NOT NULL COMMENT 'Foraign key: software_folder.id',
  `sl_no` tinyint(4) NOT NULL,
  `status` tinyint(1) NOT NULL COMMENT '1=Active, 0=Inactive',
  `created_at` timestamp NULL DEFAULT NULL,
  `created_by` int(11) NOT NULL,
  `updated_at` timestamp NULL DEFAULT NULL,
  `updated_by` int(11) NOT NULL,
  `deleted_at` timestamp NULL DEFAULT NULL,
  `deleted_by` int(11) NOT NULL,
  `valid` tinyint(1) NOT NULL
) ENGINE=InnoDB DEFAULT CHARSET=latin1;

--
-- Dumping data for table `software_modules`
--

INSERT INTO `software_modules` (`id`, `module_name`, `sort_name`, `module_icon`, `url_prefix`, `route_prefix`, `folder_id`, `sl_no`, `status`, `created_at`, `created_by`, `updated_at`, `updated_by`, `deleted_at`, `deleted_by`, `valid`) VALUES
(1, 'Approval System', 'Approval System', 'icomoon-icon-contract', 'provider/approvalSystem', 'provider.approvalSystem.', 2, 2, 1, '2016-01-01 11:46:18', 1, '2021-01-25 03:08:55', 1, NULL, 0, 1),
(2, 'Admin', 'Administrator', 'icomoon-icon-user-4', 'provider/admin', 'provider.admin.', 2, 1, 1, '2016-05-13 11:15:19', 1, '2017-06-05 15:50:53', 1, NULL, 0, 1),
(3, 'Service', '', 'icomoon-icon-airplane', 'service', 'service', 2, 0, 1, '2020-04-26 06:06:10', 1, '2020-04-26 06:06:32', 1, '2020-04-26 06:06:32', 1, 0),
(4, 'New Module', '', 'icomoon-icon-airplane', 'new-module', 'new-module', 3, 0, 1, '2021-01-24 02:52:09', 1, '2021-01-24 02:53:40', 1, '2021-01-24 02:53:40', 1, 0);

-- --------------------------------------------------------

--
-- Table structure for table `timezones`
--

CREATE TABLE `timezones` (
  `id` int(11) NOT NULL,
  `name` varchar(111) NOT NULL,
  `value` varchar(111) NOT NULL,
  `valid` tinyint(1) NOT NULL
) ENGINE=InnoDB DEFAULT CHARSET=latin1;

--
-- Dumping data for table `timezones`
--

INSERT INTO `timezones` (`id`, `name`, `value`, `valid`) VALUES
(1, '(UTC-11:00) Midway Island', 'Pacific/Midway', 1),
(2, '(UTC-11:00) Samoa', 'Pacific/Samoa', 1),
(3, '(UTC-10:00) Hawaii', 'Pacific/Honolulu', 1),
(4, '(UTC-09:00) Alaska', 'US/Alaska', 1),
(5, '(UTC-08:00) Pacific Time (US &amp; Canada)', 'America/Los_Angeles', 1),
(6, '(UTC-08:00) Tijuana', 'America/Tijuana', 1),
(7, '(UTC-07:00) Arizona', 'US/Arizona', 1),
(8, '(UTC-07:00) Chihuahua', 'America/Chihuahua', 1),
(9, '(UTC-07:00) La Paz', 'America/Chihuahua', 1),
(10, '(UTC-07:00) Mazatlan', 'America/Mazatlan', 1),
(11, '(UTC-07:00) Mountain Time (US &amp; Canada)', 'US/Mountain', 1),
(12, '(UTC-06:00) Central America', 'America/Managua', 1),
(13, '(UTC-06:00) Central Time (US &amp; Canada)', 'US/Central', 1),
(14, '(UTC-06:00) Guadalajara', 'America/Mexico_City', 1),
(15, '(UTC-06:00) Mexico City', 'America/Mexico_City', 1),
(16, '(UTC-06:00) Monterrey', 'America/Monterrey', 1),
(17, '(UTC-06:00) Saskatchewan', 'Canada/Saskatchewan', 1),
(18, '(UTC-05:00) Bogota', 'America/Bogota', 1),
(19, '(UTC-05:00) Eastern Time (US &amp; Canada)', 'US/Eastern', 1),
(20, '(UTC-05:00) Indiana (East)', 'US/East-Indiana', 1),
(21, '(UTC-05:00) Lima', 'America/Lima', 1),
(22, '(UTC-05:00) Quito', 'America/Bogota', 1),
(23, '(UTC-04:00) Atlantic Time (Canada)', 'Canada/Atlantic', 1),
(24, '(UTC-04:30) Caracas', 'America/Caracas', 1),
(25, '(UTC-04:00) La Paz', 'America/La_Paz', 1),
(26, '(UTC-04:00) Santiago', 'America/Santiago', 1),
(27, '(UTC-03:30) Newfoundland', 'Canada/Newfoundland', 1),
(28, '(UTC-03:00) Brasilia', 'America/Sao_Paulo', 1),
(29, '(UTC-03:00) Buenos Aires', 'America/Argentina/Buenos_Aires', 1),
(30, '(UTC-03:00) Georgetown', 'America/Argentina/Buenos_Aires', 1),
(31, '(UTC-03:00) Greenland', 'America/Godthab', 1),
(32, '(UTC-02:00) Mid-Atlantic', 'America/Noronha', 1),
(33, '(UTC-01:00) Azores', 'Atlantic/Azores', 1),
(34, '(UTC-01:00) Cape Verde Is.', 'Atlantic/Cape_Verde', 1),
(35, '(UTC+00:00) Casablanca', 'Africa/Casablanca', 1),
(36, '(UTC+00:00) Edinburgh', 'Europe/London', 1),
(37, '(UTC+00:00) Greenwich Mean Time : Dublin', 'Etc/Greenwich', 1),
(38, '(UTC+00:00) Lisbon', 'Europe/Lisbon', 1),
(39, '(UTC+00:00) London', 'Europe/London', 1),
(40, '(UTC+00:00) Monrovia', 'Africa/Monrovia', 1),
(41, '(UTC+00:00) UTC', 'UTC', 1),
(42, '(UTC+01:00) Amsterdam', 'Europe/Amsterdam', 1),
(43, '(UTC+01:00) Belgrade', 'Europe/Belgrade', 1),
(44, '(UTC+01:00) Berlin', 'Europe/Berlin', 1),
(45, '(UTC+01:00) Bern', 'Europe/Berlin', 1),
(46, '(UTC+01:00) Bratislava', 'Europe/Bratislava', 1),
(47, '(UTC+01:00) Brussels', 'Europe/Brussels', 1),
(48, '(UTC+01:00) Budapest', 'Europe/Budapest', 1),
(49, '(UTC+01:00) Copenhagen', 'Europe/Copenhagen', 1),
(50, '(UTC+01:00) Ljubljana', 'Europe/Ljubljana', 1),
(51, '(UTC+01:00) Madrid', 'Europe/Madrid', 1),
(52, '(UTC+01:00) Paris', 'Europe/Paris', 1),
(53, '(UTC+01:00) Prague', 'Europe/Prague', 1),
(54, '(UTC+01:00) Rome', 'Europe/Rome', 1),
(55, '(UTC+01:00) Sarajevo', 'Europe/Sarajevo', 1),
(56, '(UTC+01:00) Skopje', 'Europe/Skopje', 1),
(57, '(UTC+01:00) Stockholm', 'Europe/Stockholm', 1),
(58, '(UTC+01:00) Vienna', 'Europe/Vienna', 1),
(59, '(UTC+01:00) Warsaw', 'Europe/Warsaw', 1),
(60, '(UTC+01:00) West Central Africa', 'Africa/Lagos', 1),
(61, '(UTC+01:00) Zagreb', 'Europe/Zagreb', 1),
(62, '(UTC+02:00) Athens', 'Europe/Athens', 1),
(63, '(UTC+02:00) Bucharest', 'Europe/Bucharest', 1),
(64, '(UTC+02:00) Cairo', 'Africa/Cairo', 1),
(65, '(UTC+02:00) Harare', 'Africa/Harare', 1),
(66, '(UTC+02:00) Helsinki', 'Europe/Helsinki', 1),
(67, '(UTC+02:00) Istanbul', 'Europe/Istanbul', 1),
(68, '(UTC+02:00) Jerusalem', 'Asia/Jerusalem', 1),
(69, '(UTC+02:00) Kyiv', 'Europe/Helsinki', 1),
(70, '(UTC+02:00) Pretoria', 'Africa/Johannesburg', 1),
(71, '(UTC+02:00) Riga', 'Europe/Riga', 1),
(72, '(UTC+02:00) Sofia', 'Europe/Sofia', 1),
(73, '(UTC+02:00) Tallinn', 'Europe/Tallinn', 1),
(74, '(UTC+02:00) Vilnius', 'Europe/Vilnius', 1),
(75, '(UTC+03:00) Baghdad', 'Asia/Baghdad', 1),
(76, '(UTC+03:00) Kuwait', 'Asia/Kuwait', 1),
(77, '(UTC+03:00) Minsk', 'Europe/Minsk', 1),
(78, '(UTC+03:00) Nairobi', 'Africa/Nairobi', 1),
(79, '(UTC+03:00) Riyadh', 'Asia/Riyadh', 1),
(80, '(UTC+03:00) Volgograd', 'Europe/Volgograd', 1),
(81, '(UTC+03:30) Tehran', 'Asia/Tehran', 1),
(82, '(UTC+04:00) Abu Dhabi', 'Asia/Muscat', 1),
(83, '(UTC+04:00) Baku', 'Asia/Baku', 1),
(84, '(UTC+04:00) Moscow', 'Europe/Moscow', 1),
(85, '(UTC+04:00) Muscat', 'Asia/Muscat', 1),
(86, '(UTC+04:00) St. Petersburg', 'Europe/Moscow', 1),
(87, '(UTC+04:00) Tbilisi', 'Asia/Tbilisi', 1),
(88, '(UTC+04:00) Yerevan', 'Asia/Yerevan', 1),
(89, '(UTC+04:30) Kabul', 'Asia/Kabul', 1),
(90, '(UTC+05:00) Islamabad', 'Asia/Karachi', 1),
(91, '(UTC+05:00) Karachi', 'Asia/Karachi', 1),
(92, '(UTC+05:00) Tashkent', 'Asia/Tashkent', 1),
(93, '(UTC+05:30) Chennai', 'Asia/Calcutta', 1),
(94, '(UTC+05:30) Kolkata', 'Asia/Kolkata', 1),
(95, '(UTC+05:30) Mumbai', 'Asia/Calcutta', 1),
(96, '(UTC+05:30) New Delhi', 'Asia/Calcutta', 1),
(97, '(UTC+05:30) Sri Jayawardenepura', 'Asia/Calcutta', 1),
(98, '(UTC+05:45) Kathmandu', 'Asia/Katmandu', 1),
(99, '(UTC+06:00) Almaty', 'Asia/Almaty', 1),
(100, '(UTC+06:00) Astana', 'Asia/Dhaka', 1),
(101, '(UTC+06:00) Dhaka', 'Asia/Dhaka', 1),
(102, '(UTC+06:00) Ekaterinburg', 'Asia/Yekaterinburg', 1),
(103, '(UTC+06:30) Rangoon', 'Asia/Rangoon', 1),
(104, '(UTC+07:00) Bangkok', 'Asia/Bangkok', 1),
(105, '(UTC+07:00) Hanoi', 'Asia/Bangkok', 1),
(106, '(UTC+07:00) Jakarta', 'Asia/Jakarta', 1),
(107, '(UTC+07:00) Novosibirsk', 'Asia/Novosibirsk', 1),
(108, '(UTC+08:00) Beijing', 'Asia/Hong_Kong', 1),
(109, '(UTC+08:00) Chongqing', 'Asia/Chongqing', 1),
(110, '(UTC+08:00) Hong Kong', 'Asia/Hong_Kong', 1),
(111, '(UTC+08:00) Krasnoyarsk', 'Asia/Krasnoyarsk', 1),
(112, '(UTC+08:00) Kuala Lumpur', 'Asia/Kuala_Lumpur', 1),
(113, '(UTC+08:00) Perth', 'Australia/Perth', 1),
(114, '(UTC+08:00) Singapore', 'Asia/Singapore', 1),
(115, '(UTC+08:00) Taipei', 'Asia/Taipei', 1),
(116, '(UTC+08:00) Ulaan Bataar', 'Asia/Ulan_Bator', 1),
(117, '(UTC+08:00) Urumqi', 'Asia/Urumqi', 1),
(118, '(UTC+09:00) Irkutsk', 'Asia/Irkutsk', 1),
(119, '(UTC+09:00) Osaka', 'Asia/Tokyo', 1),
(120, '(UTC+09:00) Sapporo', 'Asia/Tokyo', 1),
(121, '(UTC+09:00) Seoul', 'Asia/Seoul', 1),
(122, '(UTC+09:00) Tokyo', 'Asia/Tokyo', 1),
(123, '(UTC+09:30) Adelaide', 'Australia/Adelaide', 1),
(124, '(UTC+09:30) Darwin', 'Australia/Darwin', 1),
(125, '(UTC+10:00) Brisbane', 'Australia/Brisbane', 1),
(126, '(UTC+10:00) Canberra', 'Australia/Canberra', 1),
(127, '(UTC+10:00) Guam', 'Pacific/Guam', 1),
(128, '(UTC+10:00) Hobart', 'Australia/Hobart', 1),
(129, '(UTC+10:00) Melbourne', 'Australia/Melbourne', 1),
(130, '(UTC+10:00) Port Moresby', 'Pacific/Port_Moresby', 1),
(131, '(UTC+10:00) Sydney', 'Australia/Sydney', 1),
(132, '(UTC+10:00) Yakutsk', 'Asia/Yakutsk', 1),
(133, '(UTC+11:00) Vladivostok', 'Asia/Vladivostok', 1),
(134, '(UTC+12:00) Auckland', 'Pacific/Auckland', 1),
(135, '(UTC+12:00) Fiji', 'Pacific/Fiji', 1),
(136, '(UTC+12:00) International Date Line West', 'Pacific/Kwajalein', 1),
(137, '(UTC+12:00) Kamchatka', 'Asia/Kamchatka', 1),
(138, '(UTC+12:00) Magadan', 'Asia/Magadan', 1),
(139, '(UTC+12:00) Marshall Is.', 'Pacific/Fiji', 1),
(140, '(UTC+12:00) New Caledonia', 'Asia/Magadan', 1),
(141, '(UTC+12:00) Solomon Is.', 'Asia/Magadan', 1),
(142, '(UTC+12:00) Wellington', 'Pacific/Auckland', 1),
(143, '(UTC+13:00) Nuku\'alofa', 'Pacific/Tongatapu', 1);

-- --------------------------------------------------------

--
-- Table structure for table `users`
--

CREATE TABLE `users` (
  `id` int(11) NOT NULL,
  `username` varchar(33) NOT NULL,
  `password` varchar(66) NOT NULL,
  `created_at` timestamp NULL DEFAULT '0000-00-00 00:00:00',
  `updated_at` timestamp NOT NULL DEFAULT current_timestamp() ON UPDATE current_timestamp(),
  `remember_token` varchar(100) NOT NULL,
  `status` varchar(10) NOT NULL,
  `valid` int(1) NOT NULL,
  `created_by` int(11) NOT NULL,
  `updated_by` int(11) NOT NULL,
  `deleted_at` timestamp NULL DEFAULT NULL,
  `deleted_by` int(11) NOT NULL,
  `project_id` int(11) NOT NULL
) ENGINE=InnoDB DEFAULT CHARSET=latin1;

--
-- Dumping data for table `users`
--

INSERT INTO `users` (`id`, `username`, `password`, `created_at`, `updated_at`, `remember_token`, `status`, `valid`, `created_by`, `updated_by`, `deleted_at`, `deleted_by`, `project_id`) VALUES
(1, 'admin', '$2y$10$bKfZGTqsdcOlF5Cht2zS7eQbs5WetQavq6T8FW2GAnezDSw50qEiO', '2014-12-05 02:08:50', '2020-04-28 05:53:34', '6MJRzblPzT3hcykcLxPwTDovzUTS76jSywo5EwIbATTlbaMIKFgMmnBa5kFj', 'active', 1, 0, 0, NULL, 0, 0);

-- --------------------------------------------------------

--
-- Structure for view `admin_access`
--
DROP TABLE IF EXISTS `admin_access`;

CREATE ALGORITHM=UNDEFINED DEFINER=`root`@`localhost` SQL SECURITY DEFINER VIEW `admin_access`  AS  select `admin_menu_access`.`id` AS `id`,0 AS `link_id`,`admin_menu_access`.`menu_id` AS `menu_id`,`admin_menu_access`.`admin_id` AS `admin_id`,if(`admin_menu`.`resource` = 1,concat('softAdmin.softAdmin.',`admin_menu`.`route`),concat('softAdmin.',`admin_menu`.`route`)) AS `route`,`admin_menu`.`resource` AS `resource`,1 AS `type`,`admin_menu`.`menu_name` AS `menu_name`,'' AS `link_name`,`admin_menu_access`.`updated_at` AS `updated_at` from (`admin_menu_access` join `admin_menu` on(`admin_menu_access`.`menu_id` = `admin_menu`.`id`)) where `admin_menu_access`.`valid` = 1 and `admin_menu`.`status` = 1 and `admin_menu`.`valid` = 1 union select `admin_internal_link_access`.`id` AS `id`,`admin_internal_link_access`.`link_id` AS `link_id`,`admin_internal_link`.`menu_id` AS `menu_id`,`admin_internal_link_access`.`admin_id` AS `admin_id`,if(`admin_internal_link`.`resource` = 1,concat('softAdmin.softAdmin.',`admin_internal_link`.`route`),concat('softAdmin.',`admin_internal_link`.`route`)) AS `route`,`admin_internal_link`.`resource` AS `resource`,2 AS `type`,`admin_menu`.`menu_name` AS `menu_name`,`admin_internal_link`.`link_name` AS `link_name`,`admin_internal_link_access`.`updated_at` AS `updated_at` from ((`admin_internal_link_access` join `admin_internal_link` on(`admin_internal_link_access`.`link_id` = `admin_internal_link`.`id`)) left join `admin_menu` on(`admin_internal_link`.`menu_id` = `admin_menu`.`id`)) where `admin_internal_link_access`.`valid` = 1 and `admin_internal_link`.`status` = 1 and `admin_internal_link`.`valid` = 1 and `admin_menu`.`status` = 1 and `admin_menu`.`valid` = 1 ;

-- --------------------------------------------------------

--
-- Structure for view `software_access`
--
DROP TABLE IF EXISTS `software_access`;

CREATE ALGORITHM=UNDEFINED DEFINER=`root`@`localhost` SQL SECURITY DEFINER VIEW `software_access`  AS  select `software_menu_access`.`id` AS `id`,0 AS `link_id`,`software_menu_access`.`menu_id` AS `menu_id`,`software_menu_access`.`user_id` AS `user_id`,if(`software_menu`.`resource` = 1,concat(`software_modules`.`route_prefix`,replace(`software_modules`.`url_prefix`,'/','.'),'.',`software_menu`.`route`),concat(`software_modules`.`route_prefix`,`software_menu`.`route`)) AS `route`,`software_menu`.`resource` AS `resource`,`software_menu`.`module_id` AS `module_id`,1 AS `type`,`software_modules`.`module_name` AS `module_name`,`software_menu`.`menu_name` AS `menu_name`,'' AS `link_name`,`software_menu_access`.`updated_at` AS `updated_at` from ((`software_menu_access` join `software_menu` on(`software_menu_access`.`menu_id` = `software_menu`.`id`)) left join `software_modules` on(`software_menu`.`module_id` = `software_modules`.`id`)) where `software_menu_access`.`valid` = 1 and `software_menu`.`status` = 1 and `software_menu`.`valid` = 1 union select `software_internal_link_access`.`id` AS `id`,`software_internal_link_access`.`link_id` AS `link_id`,`software_internal_link`.`menu_id` AS `menu_id`,`software_internal_link_access`.`user_id` AS `user_id`,if(`software_internal_link`.`resource` = 1,concat(`software_modules`.`route_prefix`,replace(`software_modules`.`url_prefix`,'/','.'),'.',`software_internal_link`.`route`),concat(`software_modules`.`route_prefix`,`software_internal_link`.`route`)) AS `route`,`software_internal_link`.`resource` AS `resource`,`software_menu`.`module_id` AS `module_id`,2 AS `type`,`software_modules`.`module_name` AS `module_name`,`software_menu`.`menu_name` AS `menu_name`,`software_internal_link`.`link_name` AS `link_name`,`software_internal_link_access`.`updated_at` AS `updated_at` from (((`software_internal_link_access` join `software_internal_link` on(`software_internal_link_access`.`link_id` = `software_internal_link`.`id`)) left join `software_menu` on(`software_internal_link`.`menu_id` = `software_menu`.`id`)) left join `software_modules` on(`software_menu`.`module_id` = `software_modules`.`id`)) where `software_internal_link_access`.`valid` = 1 and `software_internal_link`.`status` = 1 and `software_internal_link`.`valid` = 1 and `software_menu`.`status` = 1 and `software_menu`.`valid` = 1 and `software_modules`.`status` = 1 and `software_modules`.`valid` = 1 ;

--
-- Indexes for dumped tables
--

--
-- Indexes for table `action_planners`
--
ALTER TABLE `action_planners`
  ADD PRIMARY KEY (`id`);

--
-- Indexes for table `admins`
--
ALTER TABLE `admins`
  ADD PRIMARY KEY (`id`),
  ADD KEY `created_by` (`created_by`,`updated_by`,`deleted_by`);

--
-- Indexes for table `admin_internal_link`
--
ALTER TABLE `admin_internal_link`
  ADD PRIMARY KEY (`id`);

--
-- Indexes for table `admin_internal_link_access`
--
ALTER TABLE `admin_internal_link_access`
  ADD PRIMARY KEY (`id`);

--
-- Indexes for table `admin_menu`
--
ALTER TABLE `admin_menu`
  ADD PRIMARY KEY (`id`);

--
-- Indexes for table `admin_menu_access`
--
ALTER TABLE `admin_menu_access`
  ADD PRIMARY KEY (`id`);

--
-- Indexes for table `chain`
--
ALTER TABLE `chain`
  ADD PRIMARY KEY (`id`);

--
-- Indexes for table `department`
--
ALTER TABLE `department`
  ADD PRIMARY KEY (`id`);

--
-- Indexes for table `employee_designation`
--
ALTER TABLE `employee_designation`
  ADD PRIMARY KEY (`id`);

--
-- Indexes for table `en_country`
--
ALTER TABLE `en_country`
  ADD PRIMARY KEY (`id`);

--
-- Indexes for table `en_currency`
--
ALTER TABLE `en_currency`
  ADD PRIMARY KEY (`id`);

--
-- Indexes for table `en_email_notification_configuration`
--
ALTER TABLE `en_email_notification_configuration`
  ADD PRIMARY KEY (`id`);

--
-- Indexes for table `en_email_notification_history`
--
ALTER TABLE `en_email_notification_history`
  ADD PRIMARY KEY (`id`);

--
-- Indexes for table `en_payment_failed`
--
ALTER TABLE `en_payment_failed`
  ADD PRIMARY KEY (`id`);

--
-- Indexes for table `en_payment_success`
--
ALTER TABLE `en_payment_success`
  ADD PRIMARY KEY (`id`);

--
-- Indexes for table `en_payment_temp`
--
ALTER TABLE `en_payment_temp`
  ADD PRIMARY KEY (`id`);

--
-- Indexes for table `en_provider_designation`
--
ALTER TABLE `en_provider_designation`
  ADD PRIMARY KEY (`id`);

--
-- Indexes for table `en_provider_mail_configuration`
--
ALTER TABLE `en_provider_mail_configuration`
  ADD PRIMARY KEY (`id`);

--
-- Indexes for table `en_provider_user`
--
ALTER TABLE `en_provider_user`
  ADD PRIMARY KEY (`id`);

--
-- Indexes for table `en_provider_user_info`
--
ALTER TABLE `en_provider_user_info`
  ADD PRIMARY KEY (`id`);

--
-- Indexes for table `en_social_media_configuration`
--
ALTER TABLE `en_social_media_configuration`
  ADD PRIMARY KEY (`id`);

--
-- Indexes for table `en_users`
--
ALTER TABLE `en_users`
  ADD PRIMARY KEY (`id`);

--
-- Indexes for table `en_users_award`
--
ALTER TABLE `en_users_award`
  ADD PRIMARY KEY (`id`);

--
-- Indexes for table `en_users_education`
--
ALTER TABLE `en_users_education`
  ADD PRIMARY KEY (`id`);

--
-- Indexes for table `en_user_email`
--
ALTER TABLE `en_user_email`
  ADD PRIMARY KEY (`id`);

--
-- Indexes for table `en_user_tracks`
--
ALTER TABLE `en_user_tracks`
  ADD PRIMARY KEY (`id`);

--
-- Indexes for table `en_webinar`
--
ALTER TABLE `en_webinar`
  ADD PRIMARY KEY (`id`);

--
-- Indexes for table `general`
--
ALTER TABLE `general`
  ADD PRIMARY KEY (`id`);

--
-- Indexes for table `icon`
--
ALTER TABLE `icon`
  ADD PRIMARY KEY (`id`);

--
-- Indexes for table `password_resets`
--
ALTER TABLE `password_resets`
  ADD PRIMARY KEY (`id`),
  ADD KEY `password_resets_email_index` (`email`),
  ADD KEY `password_resets_token_index` (`token`);

--
-- Indexes for table `project`
--
ALTER TABLE `project`
  ADD PRIMARY KEY (`id`);

--
-- Indexes for table `project_access`
--
ALTER TABLE `project_access`
  ADD PRIMARY KEY (`id`);

--
-- Indexes for table `project_info`
--
ALTER TABLE `project_info`
  ADD PRIMARY KEY (`id`);

--
-- Indexes for table `project_social_link`
--
ALTER TABLE `project_social_link`
  ADD PRIMARY KEY (`id`);

--
-- Indexes for table `request_for_information`
--
ALTER TABLE `request_for_information`
  ADD PRIMARY KEY (`id`);

--
-- Indexes for table `service_category`
--
ALTER TABLE `service_category`
  ADD PRIMARY KEY (`id`);

--
-- Indexes for table `service_request`
--
ALTER TABLE `service_request`
  ADD PRIMARY KEY (`id`);

--
-- Indexes for table `service_requested_chain`
--
ALTER TABLE `service_requested_chain`
  ADD PRIMARY KEY (`id`);

--
-- Indexes for table `service_request_approved_attachments`
--
ALTER TABLE `service_request_approved_attachments`
  ADD PRIMARY KEY (`id`);

--
-- Indexes for table `service_request_approved_records`
--
ALTER TABLE `service_request_approved_records`
  ADD PRIMARY KEY (`id`);

--
-- Indexes for table `service_request_attachments`
--
ALTER TABLE `service_request_attachments`
  ADD PRIMARY KEY (`id`);

--
-- Indexes for table `service_request_feedback_attachments`
--
ALTER TABLE `service_request_feedback_attachments`
  ADD PRIMARY KEY (`id`);

--
-- Indexes for table `service_request_poke`
--
ALTER TABLE `service_request_poke`
  ADD PRIMARY KEY (`id`);

--
-- Indexes for table `service_request_send_attachments`
--
ALTER TABLE `service_request_send_attachments`
  ADD PRIMARY KEY (`id`);

--
-- Indexes for table `sessions`
--
ALTER TABLE `sessions`
  ADD UNIQUE KEY `sessions_id_unique` (`id`);

--
-- Indexes for table `social_link`
--
ALTER TABLE `social_link`
  ADD PRIMARY KEY (`id`);

--
-- Indexes for table `software_folder`
--
ALTER TABLE `software_folder`
  ADD PRIMARY KEY (`id`);

--
-- Indexes for table `software_internal_link`
--
ALTER TABLE `software_internal_link`
  ADD PRIMARY KEY (`id`);

--
-- Indexes for table `software_internal_link_access`
--
ALTER TABLE `software_internal_link_access`
  ADD PRIMARY KEY (`id`);

--
-- Indexes for table `software_menu`
--
ALTER TABLE `software_menu`
  ADD PRIMARY KEY (`id`);

--
-- Indexes for table `software_menu_access`
--
ALTER TABLE `software_menu_access`
  ADD PRIMARY KEY (`id`);

--
-- Indexes for table `software_menu_sorting`
--
ALTER TABLE `software_menu_sorting`
  ADD PRIMARY KEY (`id`);

--
-- Indexes for table `software_modules`
--
ALTER TABLE `software_modules`
  ADD PRIMARY KEY (`id`);

--
-- Indexes for table `timezones`
--
ALTER TABLE `timezones`
  ADD PRIMARY KEY (`id`);

--
-- Indexes for table `users`
--
ALTER TABLE `users`
  ADD PRIMARY KEY (`id`);

--
-- AUTO_INCREMENT for dumped tables
--

--
-- AUTO_INCREMENT for table `action_planners`
--
ALTER TABLE `action_planners`
  MODIFY `id` int(11) NOT NULL AUTO_INCREMENT, AUTO_INCREMENT=9;

--
-- AUTO_INCREMENT for table `admins`
--
ALTER TABLE `admins`
  MODIFY `id` int(11) NOT NULL AUTO_INCREMENT, AUTO_INCREMENT=12;

--
-- AUTO_INCREMENT for table `admin_internal_link`
--
ALTER TABLE `admin_internal_link`
  MODIFY `id` int(11) NOT NULL AUTO_INCREMENT, AUTO_INCREMENT=64;

--
-- AUTO_INCREMENT for table `admin_internal_link_access`
--
ALTER TABLE `admin_internal_link_access`
  MODIFY `id` int(11) NOT NULL AUTO_INCREMENT, AUTO_INCREMENT=270;

--
-- AUTO_INCREMENT for table `admin_menu`
--
ALTER TABLE `admin_menu`
  MODIFY `id` int(11) NOT NULL AUTO_INCREMENT, AUTO_INCREMENT=38;

--
-- AUTO_INCREMENT for table `admin_menu_access`
--
ALTER TABLE `admin_menu_access`
  MODIFY `id` int(11) NOT NULL AUTO_INCREMENT, AUTO_INCREMENT=27;

--
-- AUTO_INCREMENT for table `chain`
--
ALTER TABLE `chain`
  MODIFY `id` int(11) NOT NULL AUTO_INCREMENT, AUTO_INCREMENT=5;

--
-- AUTO_INCREMENT for table `department`
--
ALTER TABLE `department`
  MODIFY `id` int(11) NOT NULL AUTO_INCREMENT, AUTO_INCREMENT=4;

--
-- AUTO_INCREMENT for table `employee_designation`
--
ALTER TABLE `employee_designation`
  MODIFY `id` int(11) NOT NULL AUTO_INCREMENT, AUTO_INCREMENT=5;

--
-- AUTO_INCREMENT for table `en_country`
--
ALTER TABLE `en_country`
  MODIFY `id` int(11) NOT NULL AUTO_INCREMENT, AUTO_INCREMENT=241;

--
-- AUTO_INCREMENT for table `en_currency`
--
ALTER TABLE `en_currency`
  MODIFY `id` int(11) NOT NULL AUTO_INCREMENT, AUTO_INCREMENT=5;

--
-- AUTO_INCREMENT for table `en_email_notification_configuration`
--
ALTER TABLE `en_email_notification_configuration`
  MODIFY `id` int(11) NOT NULL AUTO_INCREMENT, AUTO_INCREMENT=2;

--
-- AUTO_INCREMENT for table `en_email_notification_history`
--
ALTER TABLE `en_email_notification_history`
  MODIFY `id` int(11) NOT NULL AUTO_INCREMENT;

--
-- AUTO_INCREMENT for table `en_payment_failed`
--
ALTER TABLE `en_payment_failed`
  MODIFY `id` int(11) NOT NULL AUTO_INCREMENT;

--
-- AUTO_INCREMENT for table `en_payment_success`
--
ALTER TABLE `en_payment_success`
  MODIFY `id` int(11) NOT NULL AUTO_INCREMENT;

--
-- AUTO_INCREMENT for table `en_payment_temp`
--
ALTER TABLE `en_payment_temp`
  MODIFY `id` int(11) NOT NULL AUTO_INCREMENT, AUTO_INCREMENT=3;

--
-- AUTO_INCREMENT for table `en_provider_designation`
--
ALTER TABLE `en_provider_designation`
  MODIFY `id` int(11) NOT NULL AUTO_INCREMENT, AUTO_INCREMENT=6;

--
-- AUTO_INCREMENT for table `en_provider_mail_configuration`
--
ALTER TABLE `en_provider_mail_configuration`
  MODIFY `id` int(11) NOT NULL AUTO_INCREMENT;

--
-- AUTO_INCREMENT for table `en_provider_user`
--
ALTER TABLE `en_provider_user`
  MODIFY `id` int(10) NOT NULL AUTO_INCREMENT, AUTO_INCREMENT=18;

--
-- AUTO_INCREMENT for table `en_provider_user_info`
--
ALTER TABLE `en_provider_user_info`
  MODIFY `id` int(11) NOT NULL AUTO_INCREMENT, AUTO_INCREMENT=15;

--
-- AUTO_INCREMENT for table `en_social_media_configuration`
--
ALTER TABLE `en_social_media_configuration`
  MODIFY `id` int(11) NOT NULL AUTO_INCREMENT, AUTO_INCREMENT=2;

--
-- AUTO_INCREMENT for table `en_users`
--
ALTER TABLE `en_users`
  MODIFY `id` int(10) NOT NULL AUTO_INCREMENT, AUTO_INCREMENT=32;

--
-- AUTO_INCREMENT for table `en_users_award`
--
ALTER TABLE `en_users_award`
  MODIFY `id` int(11) NOT NULL AUTO_INCREMENT;

--
-- AUTO_INCREMENT for table `en_users_education`
--
ALTER TABLE `en_users_education`
  MODIFY `id` int(11) NOT NULL AUTO_INCREMENT;

--
-- AUTO_INCREMENT for table `en_user_email`
--
ALTER TABLE `en_user_email`
  MODIFY `id` int(11) NOT NULL AUTO_INCREMENT, AUTO_INCREMENT=1712;

--
-- AUTO_INCREMENT for table `en_user_tracks`
--
ALTER TABLE `en_user_tracks`
  MODIFY `id` int(11) NOT NULL AUTO_INCREMENT, AUTO_INCREMENT=5;

--
-- AUTO_INCREMENT for table `en_webinar`
--
ALTER TABLE `en_webinar`
  MODIFY `id` int(11) NOT NULL AUTO_INCREMENT;

--
-- AUTO_INCREMENT for table `general`
--
ALTER TABLE `general`
  MODIFY `id` int(11) NOT NULL AUTO_INCREMENT, AUTO_INCREMENT=2;

--
-- AUTO_INCREMENT for table `icon`
--
ALTER TABLE `icon`
  MODIFY `id` int(11) NOT NULL AUTO_INCREMENT, AUTO_INCREMENT=902;

--
-- AUTO_INCREMENT for table `password_resets`
--
ALTER TABLE `password_resets`
  MODIFY `id` int(10) UNSIGNED NOT NULL AUTO_INCREMENT;

--
-- AUTO_INCREMENT for table `project`
--
ALTER TABLE `project`
  MODIFY `id` int(11) NOT NULL AUTO_INCREMENT, AUTO_INCREMENT=11;

--
-- AUTO_INCREMENT for table `project_access`
--
ALTER TABLE `project_access`
  MODIFY `id` int(11) NOT NULL AUTO_INCREMENT, AUTO_INCREMENT=53;

--
-- AUTO_INCREMENT for table `project_info`
--
ALTER TABLE `project_info`
  MODIFY `id` int(11) NOT NULL AUTO_INCREMENT, AUTO_INCREMENT=5;

--
-- AUTO_INCREMENT for table `project_social_link`
--
ALTER TABLE `project_social_link`
  MODIFY `id` int(11) NOT NULL AUTO_INCREMENT;

--
-- AUTO_INCREMENT for table `request_for_information`
--
ALTER TABLE `request_for_information`
  MODIFY `id` int(11) NOT NULL AUTO_INCREMENT, AUTO_INCREMENT=13;

--
-- AUTO_INCREMENT for table `service_category`
--
ALTER TABLE `service_category`
  MODIFY `id` int(11) NOT NULL AUTO_INCREMENT, AUTO_INCREMENT=14;

--
-- AUTO_INCREMENT for table `service_request`
--
ALTER TABLE `service_request`
  MODIFY `id` int(11) NOT NULL AUTO_INCREMENT, AUTO_INCREMENT=3;

--
-- AUTO_INCREMENT for table `service_requested_chain`
--
ALTER TABLE `service_requested_chain`
  MODIFY `id` int(11) NOT NULL AUTO_INCREMENT, AUTO_INCREMENT=7;

--
-- AUTO_INCREMENT for table `service_request_approved_attachments`
--
ALTER TABLE `service_request_approved_attachments`
  MODIFY `id` int(11) NOT NULL AUTO_INCREMENT, AUTO_INCREMENT=8;

--
-- AUTO_INCREMENT for table `service_request_approved_records`
--
ALTER TABLE `service_request_approved_records`
  MODIFY `id` int(11) NOT NULL AUTO_INCREMENT, AUTO_INCREMENT=7;

--
-- AUTO_INCREMENT for table `service_request_attachments`
--
ALTER TABLE `service_request_attachments`
  MODIFY `id` int(11) NOT NULL AUTO_INCREMENT, AUTO_INCREMENT=4;

--
-- AUTO_INCREMENT for table `service_request_feedback_attachments`
--
ALTER TABLE `service_request_feedback_attachments`
  MODIFY `id` int(11) NOT NULL AUTO_INCREMENT;

--
-- AUTO_INCREMENT for table `service_request_poke`
--
ALTER TABLE `service_request_poke`
  MODIFY `id` int(11) NOT NULL AUTO_INCREMENT, AUTO_INCREMENT=3;

--
-- AUTO_INCREMENT for table `service_request_send_attachments`
--
ALTER TABLE `service_request_send_attachments`
  MODIFY `id` int(11) NOT NULL AUTO_INCREMENT;

--
-- AUTO_INCREMENT for table `social_link`
--
ALTER TABLE `social_link`
  MODIFY `id` int(11) NOT NULL AUTO_INCREMENT, AUTO_INCREMENT=8;

--
-- AUTO_INCREMENT for table `software_folder`
--
ALTER TABLE `software_folder`
  MODIFY `id` int(11) NOT NULL AUTO_INCREMENT, AUTO_INCREMENT=4;

--
-- AUTO_INCREMENT for table `software_internal_link`
--
ALTER TABLE `software_internal_link`
  MODIFY `id` int(11) NOT NULL AUTO_INCREMENT, AUTO_INCREMENT=35;

--
-- AUTO_INCREMENT for table `software_internal_link_access`
--
ALTER TABLE `software_internal_link_access`
  MODIFY `id` int(11) NOT NULL AUTO_INCREMENT, AUTO_INCREMENT=50;

--
-- AUTO_INCREMENT for table `software_menu`
--
ALTER TABLE `software_menu`
  MODIFY `id` int(11) NOT NULL AUTO_INCREMENT, AUTO_INCREMENT=21;

--
-- AUTO_INCREMENT for table `software_menu_access`
--
ALTER TABLE `software_menu_access`
  MODIFY `id` int(11) NOT NULL AUTO_INCREMENT, AUTO_INCREMENT=35;

--
-- AUTO_INCREMENT for table `software_menu_sorting`
--
ALTER TABLE `software_menu_sorting`
  MODIFY `id` int(11) NOT NULL AUTO_INCREMENT, AUTO_INCREMENT=8;

--
-- AUTO_INCREMENT for table `software_modules`
--
ALTER TABLE `software_modules`
  MODIFY `id` int(11) NOT NULL AUTO_INCREMENT, AUTO_INCREMENT=5;

--
-- AUTO_INCREMENT for table `timezones`
--
ALTER TABLE `timezones`
  MODIFY `id` int(11) NOT NULL AUTO_INCREMENT, AUTO_INCREMENT=144;

--
-- AUTO_INCREMENT for table `users`
--
ALTER TABLE `users`
  MODIFY `id` int(11) NOT NULL AUTO_INCREMENT, AUTO_INCREMENT=2;
COMMIT;

/*!40101 SET CHARACTER_SET_CLIENT=@OLD_CHARACTER_SET_CLIENT */;
/*!40101 SET CHARACTER_SET_RESULTS=@OLD_CHARACTER_SET_RESULTS */;
/*!40101 SET COLLATION_CONNECTION=@OLD_COLLATION_CONNECTION */;
